"","Y","X","M1","M2"
"1",0,0,0,0
"2",1,1,0,1
"3",0,0,1,0
"4",1,0,1,0
"5",0,0,0,1
"6",0,1,0,1
"7",0,0,0,0
"8",0,0,0,0
"9",0,1,0,0
"10",0,1,1,1
"11",0,0,0,0
"12",0,1,0,1
"13",0,0,1,0
"14",1,0,0,0
"15",0,1,1,0
"16",1,0,0,1
"17",1,1,0,1
"18",1,1,1,1
"19",0,1,0,1
"20",1,0,1,1
"21",0,0,0,0
"22",1,0,0,1
"23",1,0,1,1
"24",0,0,1,0
"25",0,1,0,0
"26",0,1,1,1
"27",0,1,1,1
"28",0,0,0,0
"29",0,0,0,1
"30",0,1,0,0
"31",1,1,0,0
"32",0,1,1,1
"33",1,0,0,0
"34",0,1,0,1
"35",0,0,1,1
"36",0,1,0,0
"37",0,0,1,1
"38",0,1,1,0
"39",0,0,1,1
"40",0,0,0,1
"41",1,0,1,1
"42",0,1,1,0
"43",0,1,1,0
"44",0,1,1,0
"45",0,1,0,1
"46",0,0,0,1
"47",0,1,1,0
"48",0,0,1,0
"49",0,0,1,1
"50",0,1,1,1
"51",1,0,0,1
"52",0,1,1,0
"53",0,1,0,1
"54",1,0,1,1
"55",0,1,1,1
"56",0,0,0,0
"57",0,0,1,0
"58",0,1,0,1
"59",0,1,0,0
"60",0,0,1,1
"61",1,0,1,1
"62",1,0,0,0
"63",0,1,0,1
"64",1,0,0,1
"65",1,1,0,1
"66",0,1,1,0
"67",1,0,1,1
"68",0,1,1,0
"69",1,1,0,1
"70",0,0,1,0
"71",1,0,1,0
"72",0,0,1,0
"73",0,1,1,0
"74",0,0,1,1
"75",0,0,0,0
"76",1,1,0,1
"77",0,0,0,0
"78",0,1,0,1
"79",0,0,0,1
"80",0,0,0,0
"81",0,0,1,0
"82",0,0,0,1
"83",1,1,1,1
"84",0,0,0,0
"85",0,0,0,1
"86",0,0,1,0
"87",1,0,0,1
"88",0,1,0,1
"89",1,1,0,1
"90",0,1,1,0
"91",0,1,1,1
"92",1,0,0,0
"93",0,0,0,1
"94",0,0,1,0
"95",0,0,0,0
"96",1,1,0,0
"97",1,0,1,1
"98",1,0,1,0
"99",0,1,1,1
"100",0,0,0,0
"101",0,0,0,0
"102",1,1,0,1
"103",1,0,0,1
"104",0,0,1,1
"105",0,1,1,0
"106",1,0,0,1
"107",0,1,0,1
"108",1,1,1,1
"109",0,0,0,0
"110",0,0,1,0
"111",1,0,0,1
"112",1,0,0,1
"113",0,0,1,0
"114",0,1,1,0
"115",0,0,1,0
"116",1,1,0,1
"117",0,0,1,0
"118",1,0,0,0
"119",0,0,0,0
"120",1,0,0,0
"121",0,0,1,0
"122",0,1,0,0
"123",0,0,1,1
"124",0,1,1,1
"125",0,0,0,0
"126",0,1,1,0
"127",0,1,1,0
"128",1,1,0,0
"129",0,1,0,0
"130",1,0,1,1
"131",1,0,0,0
"132",0,0,1,1
"133",0,0,0,0
"134",0,0,1,1
"135",0,1,1,1
"136",0,1,0,1
"137",0,1,0,1
"138",0,0,0,0
"139",1,1,1,0
"140",0,0,1,1
"141",1,0,1,1
"142",0,0,0,0
"143",0,0,0,1
"144",0,1,1,1
"145",0,1,0,0
"146",1,1,1,0
"147",0,1,1,0
"148",0,1,0,1
"149",0,0,1,1
"150",0,1,1,0
"151",0,1,1,1
"152",0,0,0,0
"153",0,0,0,1
"154",0,0,1,0
"155",1,1,1,1
"156",0,1,1,0
"157",0,1,1,0
"158",0,0,0,1
"159",1,0,1,1
"160",0,0,0,0
"161",0,1,1,0
"162",0,1,0,1
"163",0,1,0,1
"164",0,1,0,1
"165",0,0,1,0
"166",0,0,1,1
"167",0,0,1,1
"168",0,1,0,0
"169",0,0,0,1
"170",0,1,1,1
"171",0,1,0,0
"172",0,1,0,0
"173",0,1,1,0
"174",0,1,1,0
"175",0,0,0,0
"176",0,0,0,0
"177",0,1,0,1
"178",0,1,1,1
"179",0,1,0,1
"180",0,0,1,1
"181",1,1,0,1
"182",0,1,1,0
"183",0,0,1,0
"184",0,1,0,1
"185",0,0,0,1
"186",1,1,1,1
"187",0,1,0,0
"188",0,1,1,1
"189",0,0,1,1
"190",0,0,0,1
"191",1,1,1,0
"192",1,1,1,0
"193",0,1,1,1
"194",0,0,0,0
"195",0,1,0,1
"196",0,0,1,1
"197",0,0,1,0
"198",1,0,1,1
"199",0,0,1,0
"200",1,0,1,1
"201",1,0,0,1
"202",0,0,1,0
"203",0,0,0,0
"204",0,0,1,0
"205",1,0,1,0
"206",1,1,0,0
"207",1,1,0,0
"208",1,0,0,1
"209",0,1,0,1
"210",0,1,0,1
"211",0,1,0,1
"212",0,0,1,0
"213",0,0,0,1
"214",0,1,0,0
"215",1,0,0,1
"216",0,0,0,1
"217",0,0,1,0
"218",0,0,1,0
"219",0,1,0,0
"220",0,1,0,1
"221",0,1,0,1
"222",0,1,1,1
"223",0,1,1,0
"224",0,1,1,1
"225",1,0,0,1
"226",0,1,0,1
"227",1,1,0,1
"228",0,1,0,1
"229",0,1,0,1
"230",0,0,0,1
"231",0,0,0,0
"232",1,0,1,0
"233",0,0,0,0
"234",1,1,0,0
"235",0,0,0,0
"236",1,1,1,1
"237",1,0,1,1
"238",0,0,1,1
"239",0,0,1,0
"240",1,1,0,0
"241",1,0,0,1
"242",1,0,1,1
"243",1,1,0,1
"244",0,0,1,1
"245",0,1,0,0
"246",0,1,1,1
"247",0,0,0,0
"248",0,0,0,0
"249",0,1,1,0
"250",1,1,0,1
"251",1,1,0,1
"252",0,1,0,0
"253",1,1,1,1
"254",1,0,1,1
"255",0,0,1,0
"256",1,0,0,0
"257",1,1,0,0
"258",0,0,1,0
"259",0,0,0,0
"260",0,0,1,1
"261",0,0,0,0
"262",1,1,0,0
"263",0,0,1,1
"264",0,1,1,0
"265",0,0,0,1
"266",1,1,0,1
"267",0,0,0,0
"268",0,1,1,1
"269",0,1,0,0
"270",1,1,0,1
"271",1,0,0,1
"272",1,1,0,1
"273",1,1,0,0
"274",0,0,0,0
"275",0,0,1,0
"276",0,0,0,1
"277",1,0,0,1
"278",0,0,1,0
"279",1,1,1,0
"280",0,1,1,0
"281",1,0,0,1
"282",0,0,0,0
"283",0,1,0,1
"284",0,1,1,1
"285",0,1,0,1
"286",0,1,1,0
"287",0,0,1,1
"288",0,0,1,0
"289",0,0,1,0
"290",0,0,0,0
"291",0,0,1,1
"292",0,1,1,1
"293",1,0,1,1
"294",0,0,1,0
"295",1,0,0,0
"296",0,1,1,1
"297",0,0,0,1
"298",1,1,0,1
"299",1,0,1,1
"300",1,1,1,0
"301",0,1,0,1
"302",0,1,0,0
"303",0,0,1,1
"304",1,0,0,0
"305",0,1,1,1
"306",0,1,1,0
"307",1,0,0,0
"308",1,0,0,1
"309",0,1,1,0
"310",0,0,1,0
"311",0,1,1,1
"312",0,1,0,0
"313",0,0,0,0
"314",0,1,1,0
"315",0,0,0,0
"316",0,1,1,1
"317",1,1,1,1
"318",1,0,1,1
"319",0,0,1,0
"320",0,0,1,1
"321",0,1,0,1
"322",1,0,0,1
"323",1,1,1,0
"324",0,0,1,0
"325",0,0,1,0
"326",0,0,0,0
"327",0,0,1,0
"328",1,0,0,1
"329",1,1,1,0
"330",0,0,1,1
"331",1,1,0,1
"332",0,0,0,0
"333",1,1,0,0
"334",0,0,1,1
"335",1,0,1,1
"336",0,1,0,1
"337",0,1,0,0
"338",0,0,0,0
"339",0,1,0,1
"340",0,0,0,1
"341",0,0,0,0
"342",0,0,1,1
"343",0,1,0,1
"344",0,0,0,0
"345",0,1,0,0
"346",0,0,0,0
"347",1,1,1,1
"348",1,1,0,0
"349",0,1,0,0
"350",0,1,0,1
"351",1,0,0,1
"352",1,1,1,0
"353",0,1,0,1
"354",0,0,1,0
"355",0,0,1,0
"356",0,1,0,1
"357",1,1,0,0
"358",0,0,0,0
"359",1,1,0,1
"360",1,1,1,0
"361",0,1,1,1
"362",1,1,0,0
"363",0,1,1,0
"364",0,0,1,0
"365",0,1,1,1
"366",0,1,0,1
"367",0,1,0,1
"368",1,1,1,0
"369",0,0,1,0
"370",0,1,1,1
"371",0,0,1,0
"372",0,1,1,0
"373",0,0,1,1
"374",1,1,0,0
"375",0,0,0,0
"376",1,0,0,0
"377",0,1,1,0
"378",1,1,1,1
"379",1,1,0,1
"380",0,1,1,1
"381",1,1,0,1
"382",1,0,0,1
"383",0,1,0,1
"384",0,1,1,1
"385",0,1,1,1
"386",0,0,0,0
"387",1,1,1,0
"388",1,1,1,1
"389",0,1,1,1
"390",1,1,0,0
"391",0,0,0,1
"392",0,0,0,0
"393",1,0,0,0
"394",1,0,0,1
"395",0,0,0,0
"396",1,1,1,0
"397",0,1,0,1
"398",1,1,0,0
"399",1,0,0,0
"400",1,0,1,0
"401",0,1,1,1
"402",0,1,0,1
"403",1,0,1,1
"404",0,0,0,1
"405",0,1,0,1
"406",1,1,0,1
"407",0,1,1,0
"408",1,1,0,0
"409",0,0,0,0
"410",0,1,1,1
"411",0,0,1,0
"412",0,0,0,0
"413",1,0,0,1
"414",0,0,0,1
"415",0,0,1,1
"416",0,0,0,1
"417",0,0,0,0
"418",0,0,1,0
"419",0,0,0,1
"420",0,1,1,1
"421",0,0,0,1
"422",0,0,0,0
"423",1,0,0,1
"424",0,0,1,0
"425",1,0,1,0
"426",1,1,1,1
"427",0,0,1,0
"428",0,0,0,0
"429",1,1,0,0
"430",0,0,1,0
"431",1,0,1,1
"432",0,1,0,1
"433",1,1,1,0
"434",0,0,1,0
"435",0,0,1,1
"436",0,0,1,1
"437",0,1,0,1
"438",0,1,0,0
"439",0,0,1,1
"440",1,1,1,1
"441",0,0,0,0
"442",0,0,1,1
"443",0,0,1,1
"444",0,1,1,1
"445",0,0,0,1
"446",1,0,0,0
"447",0,1,0,1
"448",0,1,1,1
"449",0,0,1,1
"450",0,1,1,0
"451",0,1,0,0
"452",0,1,0,1
"453",0,0,1,1
"454",0,0,0,1
"455",1,1,0,1
"456",0,0,1,0
"457",1,1,1,0
"458",0,0,1,1
"459",1,1,0,1
"460",0,1,0,0
"461",0,1,1,1
"462",0,0,0,0
"463",0,0,0,1
"464",0,0,1,1
"465",1,1,0,0
"466",0,0,0,1
"467",0,0,1,0
"468",1,0,1,1
"469",1,1,1,0
"470",0,1,0,1
"471",0,1,1,0
"472",0,0,0,1
"473",1,0,0,1
"474",0,0,1,0
"475",1,1,0,0
"476",1,1,1,1
"477",0,1,0,1
"478",1,1,0,0
"479",1,1,0,1
"480",0,1,0,0
"481",0,0,1,0
"482",0,0,1,1
"483",1,1,1,1
"484",0,1,1,0
"485",0,0,0,0
"486",1,0,0,1
"487",0,0,0,0
"488",0,0,0,0
"489",1,1,0,1
"490",1,0,1,0
"491",1,0,1,1
"492",0,0,1,1
"493",0,1,1,1
"494",0,0,1,0
"495",0,0,1,0
"496",0,0,1,1
"497",0,1,0,0
"498",1,0,0,1
"499",1,1,1,1
"500",1,0,0,0
"501",1,0,1,1
"502",0,0,0,0
"503",0,1,1,1
"504",0,0,1,0
"505",0,0,1,0
"506",0,1,0,0
"507",0,0,1,0
"508",0,1,1,0
"509",0,0,1,0
"510",1,1,0,1
"511",0,1,0,0
"512",0,0,0,0
"513",1,0,0,0
"514",0,0,0,1
"515",0,1,1,0
"516",1,0,1,0
"517",0,1,0,1
"518",0,0,1,0
"519",1,0,1,0
"520",1,0,1,1
"521",1,0,0,1
"522",0,0,0,1
"523",0,1,1,0
"524",1,1,0,0
"525",0,1,0,0
"526",0,0,0,0
"527",0,0,1,0
"528",0,0,0,0
"529",0,0,0,1
"530",0,1,1,0
"531",0,1,0,1
"532",0,0,0,0
"533",1,1,0,0
"534",1,0,0,1
"535",0,1,1,1
"536",0,0,1,1
"537",1,0,0,1
"538",0,1,0,1
"539",1,1,0,1
"540",0,0,0,1
"541",1,1,1,1
"542",1,1,1,1
"543",0,0,0,0
"544",0,1,1,1
"545",0,1,0,0
"546",1,0,0,0
"547",0,0,1,0
"548",0,0,1,1
"549",0,1,1,1
"550",0,0,0,0
"551",1,1,0,0
"552",1,0,1,0
"553",0,0,1,1
"554",0,1,1,1
"555",1,1,0,0
"556",0,1,0,1
"557",0,0,1,0
"558",0,1,1,1
"559",0,0,0,0
"560",0,0,0,0
"561",0,0,0,1
"562",0,0,1,1
"563",0,0,1,0
"564",0,0,0,1
"565",0,0,1,0
"566",0,1,0,0
"567",0,0,1,0
"568",0,0,1,0
"569",1,1,1,1
"570",1,0,1,1
"571",0,1,0,0
"572",1,1,0,1
"573",0,1,0,0
"574",0,0,0,0
"575",0,0,1,1
"576",0,1,1,0
"577",0,1,1,1
"578",0,1,0,0
"579",0,1,0,1
"580",0,1,1,1
"581",1,1,1,1
"582",0,1,1,0
"583",0,0,1,0
"584",0,1,0,0
"585",0,0,0,1
"586",1,0,0,0
"587",1,0,0,0
"588",1,0,1,1
"589",0,0,1,0
"590",0,0,1,0
"591",1,1,0,1
"592",0,1,1,1
"593",1,1,0,0
"594",0,0,0,0
"595",0,0,1,0
"596",1,1,0,1
"597",1,1,1,0
"598",0,1,1,0
"599",0,1,1,1
"600",0,0,1,1
"601",0,1,1,1
"602",1,0,1,0
"603",1,0,0,1
"604",0,0,0,0
"605",0,0,1,1
"606",1,0,0,1
"607",0,0,1,0
"608",1,0,1,1
"609",0,1,1,0
"610",1,0,0,1
"611",0,0,0,1
"612",1,0,0,0
"613",0,1,0,1
"614",0,1,0,0
"615",0,1,1,0
"616",0,0,1,1
"617",0,0,0,1
"618",1,1,1,0
"619",0,0,1,0
"620",1,1,0,1
"621",1,1,1,0
"622",0,1,0,0
"623",1,1,1,1
"624",1,0,0,1
"625",0,0,1,1
"626",0,1,0,0
"627",0,0,0,0
"628",0,0,1,1
"629",0,1,1,0
"630",1,1,1,1
"631",1,1,1,1
"632",0,1,0,1
"633",1,1,1,0
"634",0,0,0,0
"635",0,1,1,0
"636",0,0,1,0
"637",1,1,0,0
"638",0,0,0,1
"639",1,0,0,0
"640",0,1,1,1
"641",0,1,0,1
"642",0,1,1,0
"643",0,1,0,1
"644",1,0,0,1
"645",0,1,0,1
"646",0,1,0,0
"647",0,1,0,1
"648",0,1,0,1
"649",1,0,1,0
"650",0,1,0,0
"651",0,0,1,0
"652",0,1,1,0
"653",0,0,1,0
"654",0,0,0,1
"655",1,0,0,1
"656",0,0,1,0
"657",1,0,0,0
"658",1,1,0,0
"659",1,1,1,0
"660",0,0,1,0
"661",0,1,0,0
"662",0,0,1,1
"663",0,0,1,1
"664",0,1,0,0
"665",0,0,1,0
"666",1,0,1,1
"667",0,1,1,1
"668",0,0,0,0
"669",1,0,0,0
"670",0,1,1,0
"671",0,0,0,1
"672",1,0,1,1
"673",0,0,1,0
"674",0,1,0,0
"675",0,0,0,1
"676",0,1,1,0
"677",1,1,0,0
"678",1,1,0,0
"679",1,0,0,0
"680",0,0,0,1
"681",1,0,0,1
"682",0,1,1,0
"683",0,1,1,1
"684",0,0,1,0
"685",1,0,1,0
"686",1,0,1,1
"687",1,1,1,0
"688",0,1,1,1
"689",0,0,1,0
"690",0,1,0,1
"691",0,1,0,0
"692",0,1,1,0
"693",0,1,1,0
"694",1,0,1,1
"695",1,0,1,1
"696",1,1,0,0
"697",0,1,0,1
"698",0,1,0,1
"699",0,0,0,0
"700",0,1,1,0
"701",1,1,0,1
"702",0,0,0,1
"703",0,1,1,1
"704",1,1,0,1
"705",0,0,1,1
"706",0,0,1,1
"707",0,0,1,0
"708",0,0,0,1
"709",1,1,0,0
"710",0,0,1,1
"711",0,0,1,1
"712",0,1,1,0
"713",1,1,0,0
"714",1,1,1,1
"715",0,1,0,0
"716",1,1,1,0
"717",0,0,0,0
"718",0,0,0,1
"719",1,1,0,0
"720",1,1,0,0
"721",0,1,0,1
"722",1,1,0,0
"723",0,0,1,1
"724",1,1,1,1
"725",1,1,1,1
"726",0,0,1,1
"727",0,1,1,0
"728",0,0,0,1
"729",0,1,0,1
"730",0,1,0,0
"731",0,0,1,0
"732",0,1,1,1
"733",0,0,0,1
"734",0,1,1,1
"735",0,1,0,0
"736",0,0,0,1
"737",0,0,1,0
"738",0,0,1,0
"739",0,1,0,1
"740",0,0,1,0
"741",1,1,0,0
"742",0,0,1,0
"743",0,0,0,1
"744",0,0,1,1
"745",1,0,0,1
"746",0,1,1,0
"747",0,1,1,0
"748",0,0,0,0
"749",0,1,0,0
"750",0,1,0,0
"751",0,1,0,1
"752",0,0,1,0
"753",0,0,1,0
"754",1,1,0,1
"755",1,1,1,0
"756",0,0,0,0
"757",0,0,0,1
"758",1,1,0,1
"759",0,1,0,0
"760",0,1,0,0
"761",0,1,1,1
"762",0,0,0,0
"763",1,0,0,0
"764",0,0,1,1
"765",0,1,1,0
"766",0,0,0,1
"767",0,1,1,0
"768",0,1,1,1
"769",0,0,0,1
"770",1,1,1,1
"771",0,0,0,0
"772",0,1,0,1
"773",0,0,0,1
"774",0,1,1,0
"775",1,1,0,1
"776",0,1,1,1
"777",1,1,0,0
"778",0,1,1,0
"779",1,1,0,1
"780",0,0,1,0
"781",0,1,0,0
"782",0,1,0,1
"783",1,0,0,1
"784",0,0,0,0
"785",0,1,1,0
"786",1,0,1,1
"787",1,0,0,0
"788",1,0,0,0
"789",0,1,1,1
"790",1,1,0,1
"791",0,1,0,1
"792",1,1,1,0
"793",0,0,1,0
"794",1,1,0,0
"795",0,1,0,0
"796",0,1,0,0
"797",0,1,1,0
"798",0,1,0,0
"799",1,1,0,0
"800",0,1,0,0
"801",0,1,1,0
"802",1,1,1,0
"803",1,1,0,1
"804",1,1,0,1
"805",0,1,0,1
"806",1,0,0,1
"807",0,1,1,1
"808",1,0,0,0
"809",1,1,1,1
"810",0,1,1,0
"811",0,1,0,1
"812",0,1,1,1
"813",1,1,0,1
"814",0,1,1,0
"815",1,0,0,0
"816",0,0,1,0
"817",0,0,1,0
"818",0,1,0,0
"819",1,0,1,1
"820",1,0,0,0
"821",0,1,1,1
"822",0,1,1,1
"823",0,0,1,0
"824",0,0,0,0
"825",0,1,0,0
"826",1,1,1,1
"827",0,0,1,1
"828",1,0,0,0
"829",0,0,1,0
"830",0,0,1,1
"831",0,1,0,0
"832",1,1,1,1
"833",1,1,0,0
"834",0,1,1,1
"835",0,1,0,0
"836",0,0,1,0
"837",1,0,0,0
"838",0,0,0,1
"839",0,1,1,1
"840",1,0,0,0
"841",0,0,0,1
"842",0,1,0,1
"843",0,1,1,0
"844",0,1,1,1
"845",1,0,0,1
"846",0,0,0,1
"847",0,0,1,0
"848",0,1,0,0
"849",1,0,0,1
"850",0,0,1,1
"851",1,0,1,0
"852",0,0,0,1
"853",0,1,1,1
"854",1,1,1,0
"855",0,0,0,0
"856",0,0,0,0
"857",0,0,1,0
"858",0,0,1,0
"859",1,0,1,1
"860",1,0,1,1
"861",0,1,1,1
"862",0,1,0,1
"863",0,0,1,1
"864",0,0,1,1
"865",0,0,1,0
"866",0,1,0,1
"867",0,1,0,1
"868",0,0,1,1
"869",1,1,0,1
"870",0,1,0,0
"871",0,0,0,1
"872",0,0,1,1
"873",0,1,1,0
"874",0,0,1,0
"875",1,1,0,0
"876",1,1,1,0
"877",1,0,0,0
"878",0,0,0,1
"879",0,0,1,0
"880",0,0,0,1
"881",0,1,1,1
"882",0,1,0,0
"883",0,0,1,1
"884",0,0,0,0
"885",0,1,1,1
"886",1,1,1,0
"887",1,0,1,0
"888",0,1,1,0
"889",1,0,0,1
"890",1,1,1,1
"891",0,0,1,1
"892",1,1,0,1
"893",1,0,0,0
"894",0,1,1,1
"895",0,0,0,0
"896",0,1,0,1
"897",0,1,0,1
"898",0,0,1,1
"899",0,0,1,0
"900",1,1,1,0
"901",1,0,1,1
"902",1,0,0,1
"903",0,0,1,0
"904",1,0,0,1
"905",0,0,0,1
"906",1,1,1,0
"907",0,0,0,0
"908",0,1,1,1
"909",1,1,1,0
"910",0,0,0,1
"911",0,1,0,0
"912",1,0,0,1
"913",1,1,1,0
"914",0,1,1,0
"915",0,0,1,1
"916",1,1,0,0
"917",1,1,0,0
"918",0,0,0,0
"919",1,1,0,1
"920",0,0,1,0
"921",0,1,0,0
"922",0,1,1,1
"923",1,1,0,0
"924",1,1,0,0
"925",1,0,0,1
"926",1,0,0,0
"927",1,1,1,1
"928",0,0,0,1
"929",0,0,0,1
"930",0,0,1,1
"931",1,0,0,0
"932",0,0,0,0
"933",0,1,1,0
"934",0,1,1,1
"935",0,0,1,0
"936",0,0,1,1
"937",0,0,1,0
"938",0,1,0,1
"939",1,0,0,0
"940",0,0,1,0
"941",1,1,1,0
"942",0,1,1,0
"943",0,1,0,1
"944",1,1,0,0
"945",0,0,0,0
"946",1,1,0,0
"947",1,1,1,0
"948",1,0,0,0
"949",0,0,0,0
"950",1,1,0,0
"951",0,0,1,1
"952",1,1,1,0
"953",0,1,1,0
"954",1,0,0,0
"955",0,0,0,0
"956",0,0,1,0
"957",0,1,0,1
"958",1,0,0,1
"959",0,1,1,0
"960",0,0,1,1
"961",1,1,0,0
"962",0,1,0,1
"963",0,0,1,1
"964",1,1,0,0
"965",1,0,0,0
"966",1,0,0,0
"967",0,1,1,1
"968",0,1,1,0
"969",0,0,1,0
"970",0,1,0,0
"971",1,1,0,1
"972",0,0,0,0
"973",0,1,1,1
"974",0,1,1,0
"975",0,0,1,0
"976",1,1,1,0
"977",0,1,0,0
"978",0,0,0,1
"979",0,0,1,0
"980",0,1,1,0
"981",0,0,0,0
"982",0,0,0,1
"983",1,1,0,1
"984",0,1,0,0
"985",1,1,0,1
"986",0,0,0,0
"987",0,0,1,0
"988",1,0,1,0
"989",0,1,0,0
"990",0,0,0,0
"991",0,1,1,0
"992",0,0,0,0
"993",0,1,0,0
"994",0,0,0,0
"995",0,1,1,1
"996",0,1,0,1
"997",0,1,0,1
"998",1,1,0,0
"999",1,1,1,1
"1000",1,0,0,1
"1001",0,1,1,1
"1002",0,1,0,0
"1003",0,1,0,1
"1004",1,1,1,1
"1005",0,1,1,1
"1006",1,0,0,0
"1007",0,0,1,1
"1008",1,1,0,1
"1009",0,1,1,0
"1010",1,1,1,1
"1011",0,1,0,1
"1012",0,0,1,1
"1013",0,1,0,1
"1014",0,1,0,1
"1015",0,0,0,1
"1016",1,1,0,0
"1017",1,1,0,0
"1018",0,1,0,0
"1019",0,1,0,1
"1020",0,0,1,1
"1021",0,0,0,1
"1022",1,1,1,1
"1023",0,0,1,0
"1024",1,1,0,1
"1025",0,1,0,0
"1026",0,1,1,0
"1027",0,1,1,1
"1028",0,0,0,0
"1029",0,1,0,0
"1030",0,1,0,1
"1031",1,0,0,1
"1032",0,1,0,1
"1033",0,0,1,0
"1034",0,0,1,1
"1035",1,0,0,0
"1036",0,1,0,1
"1037",1,0,0,0
"1038",0,1,0,1
"1039",1,0,0,0
"1040",0,1,1,0
"1041",0,0,1,0
"1042",0,1,1,0
"1043",0,1,0,1
"1044",1,0,1,0
"1045",1,1,0,1
"1046",0,0,1,1
"1047",1,0,0,1
"1048",0,1,0,0
"1049",0,1,0,1
"1050",0,0,1,0
"1051",1,1,1,1
"1052",1,1,1,1
"1053",0,0,1,0
"1054",1,0,1,1
"1055",0,1,1,1
"1056",0,0,0,0
"1057",0,0,0,0
"1058",1,1,0,0
"1059",1,1,0,0
"1060",0,0,1,0
"1061",0,1,1,0
"1062",0,0,1,0
"1063",0,1,0,1
"1064",1,1,1,1
"1065",0,1,1,1
"1066",1,0,0,1
"1067",1,0,0,1
"1068",0,0,1,0
"1069",0,0,0,0
"1070",0,1,1,1
"1071",1,1,0,0
"1072",0,0,1,0
"1073",0,0,1,0
"1074",0,1,0,1
"1075",1,1,1,1
"1076",1,1,0,1
"1077",0,1,1,1
"1078",0,0,0,0
"1079",0,1,0,0
"1080",0,0,1,1
"1081",0,0,0,0
"1082",0,0,0,0
"1083",1,1,1,1
"1084",1,0,1,0
"1085",1,1,1,0
"1086",1,1,1,1
"1087",1,1,0,0
"1088",0,0,1,1
"1089",0,0,0,0
"1090",0,0,0,0
"1091",1,1,1,0
"1092",1,0,1,0
"1093",0,1,1,0
"1094",0,1,0,1
"1095",0,0,1,1
"1096",1,1,1,1
"1097",0,0,1,1
"1098",0,1,1,0
"1099",0,0,1,1
"1100",1,1,1,1
"1101",0,1,1,0
"1102",0,0,1,1
"1103",0,1,0,1
"1104",0,1,0,1
"1105",1,0,1,1
"1106",0,1,1,0
"1107",1,1,1,0
"1108",0,0,0,1
"1109",0,0,1,0
"1110",0,0,0,0
"1111",0,1,0,1
"1112",1,1,0,1
"1113",0,1,1,0
"1114",0,1,1,1
"1115",1,1,0,1
"1116",0,0,0,1
"1117",0,0,0,1
"1118",0,1,1,0
"1119",0,1,0,0
"1120",1,1,1,0
"1121",1,1,1,1
"1122",0,0,1,0
"1123",1,1,0,0
"1124",1,1,1,0
"1125",0,1,1,1
"1126",0,1,1,0
"1127",1,0,0,1
"1128",0,1,0,1
"1129",0,1,0,1
"1130",0,1,0,1
"1131",0,0,0,1
"1132",0,0,0,1
"1133",0,1,1,0
"1134",0,0,0,0
"1135",0,1,0,1
"1136",0,1,0,1
"1137",0,1,1,1
"1138",1,0,0,1
"1139",0,0,0,1
"1140",1,0,0,0
"1141",0,0,1,1
"1142",0,0,1,1
"1143",0,1,1,0
"1144",0,0,1,1
"1145",0,0,0,0
"1146",0,0,1,1
"1147",0,0,0,1
"1148",1,1,1,1
"1149",0,1,0,1
"1150",0,0,1,0
"1151",0,1,0,0
"1152",1,0,0,1
"1153",0,1,1,0
"1154",1,1,1,0
"1155",0,0,1,1
"1156",1,0,0,1
"1157",0,1,0,1
"1158",0,1,0,1
"1159",0,1,0,0
"1160",0,0,0,1
"1161",0,1,1,1
"1162",1,1,0,0
"1163",0,0,0,0
"1164",1,0,0,1
"1165",0,0,0,0
"1166",1,1,1,1
"1167",0,0,0,1
"1168",0,1,1,1
"1169",0,0,1,1
"1170",0,0,0,0
"1171",1,1,0,1
"1172",0,0,1,1
"1173",0,0,1,0
"1174",0,1,1,1
"1175",1,1,1,1
"1176",0,1,0,0
"1177",0,0,1,0
"1178",0,0,0,0
"1179",0,1,0,1
"1180",0,1,1,0
"1181",0,1,0,1
"1182",0,1,1,0
"1183",0,0,1,1
"1184",0,0,0,1
"1185",0,0,1,1
"1186",1,0,0,1
"1187",1,0,0,0
"1188",0,1,1,0
"1189",1,1,1,0
"1190",0,1,0,0
"1191",0,0,1,0
"1192",0,0,1,1
"1193",0,1,0,1
"1194",1,1,1,1
"1195",0,1,1,1
"1196",0,1,0,1
"1197",0,1,0,0
"1198",0,0,1,1
"1199",0,0,0,1
"1200",0,0,1,0
"1201",0,0,0,0
"1202",0,0,1,0
"1203",0,0,0,0
"1204",0,0,1,0
"1205",0,0,1,0
"1206",0,0,1,1
"1207",1,1,1,0
"1208",0,1,0,0
"1209",0,1,0,0
"1210",1,1,0,0
"1211",0,0,1,1
"1212",0,1,0,1
"1213",0,0,1,1
"1214",0,0,0,0
"1215",1,1,1,1
"1216",0,0,1,1
"1217",0,1,1,1
"1218",1,1,0,0
"1219",0,0,0,1
"1220",0,0,1,0
"1221",0,0,1,0
"1222",1,1,1,0
"1223",0,0,0,0
"1224",1,1,1,0
"1225",0,0,0,1
"1226",0,0,0,1
"1227",1,0,0,0
"1228",1,0,1,1
"1229",0,1,0,1
"1230",0,0,0,0
"1231",0,1,0,1
"1232",0,1,1,1
"1233",0,1,0,1
"1234",0,0,0,0
"1235",0,0,1,0
"1236",0,1,0,1
"1237",0,0,1,1
"1238",0,0,1,1
"1239",1,1,1,0
"1240",0,0,1,0
"1241",0,1,0,1
"1242",0,0,1,1
"1243",0,0,1,0
"1244",0,1,0,1
"1245",0,1,1,1
"1246",0,1,0,1
"1247",0,0,0,0
"1248",1,1,1,0
"1249",0,1,0,1
"1250",1,0,0,1
"1251",0,1,0,0
"1252",0,1,1,1
"1253",0,0,0,1
"1254",0,1,0,1
"1255",0,1,0,1
"1256",0,1,0,0
"1257",0,0,1,1
"1258",0,1,1,1
"1259",0,1,1,0
"1260",0,0,1,1
"1261",1,0,1,1
"1262",0,0,0,0
"1263",1,0,1,1
"1264",0,0,1,0
"1265",0,1,1,0
"1266",0,1,1,0
"1267",0,1,0,1
"1268",0,1,0,1
"1269",1,1,1,1
"1270",0,0,1,1
"1271",1,1,0,0
"1272",0,1,0,0
"1273",0,1,1,1
"1274",0,0,1,0
"1275",1,0,0,1
"1276",0,0,1,1
"1277",0,1,0,0
"1278",0,1,1,0
"1279",0,0,0,0
"1280",0,1,0,0
"1281",1,1,1,1
"1282",0,0,0,1
"1283",0,0,1,0
"1284",1,0,0,1
"1285",0,1,1,1
"1286",0,0,0,0
"1287",0,1,1,1
"1288",0,0,1,1
"1289",0,1,1,1
"1290",0,1,1,1
"1291",1,0,0,0
"1292",0,1,0,1
"1293",0,0,0,1
"1294",0,1,0,0
"1295",0,0,0,0
"1296",0,1,1,0
"1297",0,0,0,1
"1298",0,0,1,0
"1299",0,1,1,1
"1300",0,0,1,0
"1301",0,0,1,0
"1302",1,0,0,1
"1303",0,0,0,1
"1304",0,1,1,0
"1305",0,0,1,1
"1306",0,0,1,0
"1307",1,1,0,0
"1308",0,0,1,0
"1309",0,0,1,0
"1310",0,0,1,0
"1311",1,0,0,0
"1312",1,1,1,0
"1313",0,0,0,0
"1314",0,1,0,0
"1315",0,1,0,0
"1316",0,1,0,1
"1317",0,1,0,0
"1318",1,0,1,1
"1319",1,1,0,0
"1320",0,1,0,1
"1321",0,0,1,1
"1322",0,1,1,0
"1323",0,0,1,1
"1324",1,0,1,0
"1325",0,0,0,1
"1326",0,1,1,1
"1327",1,1,1,0
"1328",1,0,0,1
"1329",0,1,0,0
"1330",1,0,1,1
"1331",0,1,1,1
"1332",1,0,1,1
"1333",0,0,1,0
"1334",0,0,0,0
"1335",0,1,1,1
"1336",0,0,1,0
"1337",0,1,1,0
"1338",0,1,0,1
"1339",1,1,0,1
"1340",0,1,1,1
"1341",0,0,0,0
"1342",0,0,1,0
"1343",0,0,1,1
"1344",0,0,0,0
"1345",0,0,0,1
"1346",1,0,0,1
"1347",1,1,1,0
"1348",0,0,1,0
"1349",1,1,0,0
"1350",0,0,1,0
"1351",1,1,0,0
"1352",0,0,0,1
"1353",0,0,0,0
"1354",1,1,0,1
"1355",1,0,1,1
"1356",0,1,1,1
"1357",0,0,0,0
"1358",1,1,0,1
"1359",1,1,1,0
"1360",1,0,0,0
"1361",0,1,1,1
"1362",0,1,0,1
"1363",1,1,0,0
"1364",1,1,1,0
"1365",0,0,1,1
"1366",0,0,1,1
"1367",0,0,0,0
"1368",1,1,1,1
"1369",0,0,1,1
"1370",0,0,0,1
"1371",0,1,0,1
"1372",0,0,0,0
"1373",0,0,1,1
"1374",0,0,0,0
"1375",0,1,0,0
"1376",0,1,1,0
"1377",0,0,0,0
"1378",1,0,0,1
"1379",0,1,0,1
"1380",0,1,0,0
"1381",0,1,1,1
"1382",1,0,1,1
"1383",1,1,0,0
"1384",0,0,1,1
"1385",0,0,0,0
"1386",0,0,0,0
"1387",0,0,1,0
"1388",1,1,1,1
"1389",0,0,1,1
"1390",0,0,0,0
"1391",0,0,1,0
"1392",1,0,1,1
"1393",0,1,0,0
"1394",0,0,1,0
"1395",1,0,0,0
"1396",1,0,0,1
"1397",0,0,1,1
"1398",0,0,1,1
"1399",0,0,0,0
"1400",0,1,0,1
"1401",0,1,1,0
"1402",0,1,0,0
"1403",0,0,0,0
"1404",0,0,0,0
"1405",1,1,1,1
"1406",0,0,1,0
"1407",0,1,1,0
"1408",0,1,0,1
"1409",0,1,1,1
"1410",0,0,1,0
"1411",0,0,1,0
"1412",0,0,1,1
"1413",0,1,0,1
"1414",0,0,0,1
"1415",0,0,1,0
"1416",0,1,1,0
"1417",1,1,1,1
"1418",1,0,0,0
"1419",0,1,1,1
"1420",0,1,1,0
"1421",1,1,0,1
"1422",0,0,0,1
"1423",0,1,0,0
"1424",1,0,0,0
"1425",0,1,0,0
"1426",1,1,0,0
"1427",1,0,0,1
"1428",0,1,0,1
"1429",0,1,1,0
"1430",0,0,0,1
"1431",0,0,0,0
"1432",1,0,1,0
"1433",1,1,1,1
"1434",0,1,1,1
"1435",0,0,0,0
"1436",0,0,0,1
"1437",0,1,0,1
"1438",0,0,0,1
"1439",1,1,0,1
"1440",0,0,0,1
"1441",0,1,0,1
"1442",1,0,1,1
"1443",0,0,1,1
"1444",1,1,1,1
"1445",1,0,0,0
"1446",0,0,0,0
"1447",1,0,1,1
"1448",0,0,0,1
"1449",0,0,0,0
"1450",1,1,1,0
"1451",0,1,1,0
"1452",1,0,0,1
"1453",1,1,0,1
"1454",1,1,0,0
"1455",1,0,1,1
"1456",0,0,1,1
"1457",0,1,1,0
"1458",1,1,1,0
"1459",0,0,1,1
"1460",0,1,0,0
"1461",1,0,1,1
"1462",1,0,0,1
"1463",0,0,1,0
"1464",1,1,1,0
"1465",0,1,0,1
"1466",0,1,1,0
"1467",0,0,1,0
"1468",0,1,1,1
"1469",0,1,0,0
"1470",1,0,1,1
"1471",1,1,1,0
"1472",0,0,0,1
"1473",0,0,1,0
"1474",0,1,1,1
"1475",0,1,1,0
"1476",0,1,1,0
"1477",1,0,1,1
"1478",0,1,1,1
"1479",0,1,0,1
"1480",1,1,1,1
"1481",0,0,1,1
"1482",1,1,1,1
"1483",1,1,0,1
"1484",0,0,0,0
"1485",1,0,1,0
"1486",1,1,0,0
"1487",1,1,0,0
"1488",1,0,0,1
"1489",0,0,0,1
"1490",0,1,0,0
"1491",0,1,0,0
"1492",1,0,0,1
"1493",0,0,1,1
"1494",1,1,1,0
"1495",1,0,1,0
"1496",1,1,1,1
"1497",0,1,1,0
"1498",0,0,1,1
"1499",1,1,1,1
"1500",0,0,0,0
"1501",0,1,1,0
"1502",1,1,1,1
"1503",0,0,1,0
"1504",0,1,0,1
"1505",1,1,1,0
"1506",0,0,0,0
"1507",0,1,1,0
"1508",0,0,1,0
"1509",0,0,1,1
"1510",0,1,0,1
"1511",0,0,1,1
"1512",1,0,1,1
"1513",0,1,1,0
"1514",1,0,1,1
"1515",0,0,1,1
"1516",0,0,0,0
"1517",0,0,1,1
"1518",1,1,0,0
"1519",0,1,0,0
"1520",1,0,1,1
"1521",0,1,0,0
"1522",0,0,0,0
"1523",1,1,0,0
"1524",1,1,1,1
"1525",1,1,1,0
"1526",0,0,1,0
"1527",0,0,0,1
"1528",0,0,1,0
"1529",1,1,0,0
"1530",1,0,1,0
"1531",0,1,0,1
"1532",1,0,1,0
"1533",0,0,0,0
"1534",1,1,0,1
"1535",0,1,0,0
"1536",1,1,1,1
"1537",0,1,1,1
"1538",0,0,0,1
"1539",0,1,0,1
"1540",0,1,0,0
"1541",1,1,0,1
"1542",0,0,0,0
"1543",0,1,1,1
"1544",1,1,1,0
"1545",0,1,0,1
"1546",0,1,1,1
"1547",0,0,0,1
"1548",0,0,0,1
"1549",0,1,0,0
"1550",0,1,0,1
"1551",0,1,1,1
"1552",0,1,0,1
"1553",0,1,0,1
"1554",0,0,0,1
"1555",1,0,1,1
"1556",0,1,0,0
"1557",1,1,1,1
"1558",1,0,0,1
"1559",0,0,0,0
"1560",0,0,1,0
"1561",1,0,1,0
"1562",0,0,1,0
"1563",1,0,1,1
"1564",1,0,1,0
"1565",0,1,0,1
"1566",0,0,1,0
"1567",0,0,1,1
"1568",1,0,1,0
"1569",1,1,0,0
"1570",0,0,0,0
"1571",0,1,0,0
"1572",0,0,1,0
"1573",1,1,1,0
"1574",1,0,1,1
"1575",0,1,0,1
"1576",0,1,1,1
"1577",1,1,1,1
"1578",0,0,0,0
"1579",1,1,1,1
"1580",0,1,0,1
"1581",0,1,0,1
"1582",0,1,0,0
"1583",0,1,0,1
"1584",0,0,1,0
"1585",1,1,0,1
"1586",0,1,0,0
"1587",0,0,0,0
"1588",0,1,1,1
"1589",0,1,0,1
"1590",0,0,0,0
"1591",0,1,1,0
"1592",1,1,0,0
"1593",1,1,0,0
"1594",1,0,0,1
"1595",0,0,1,0
"1596",0,0,1,1
"1597",1,1,0,0
"1598",1,0,0,1
"1599",0,1,1,0
"1600",1,1,1,1
"1601",1,1,0,0
"1602",0,1,0,0
"1603",1,0,0,0
"1604",0,0,1,0
"1605",0,0,1,0
"1606",1,1,1,1
"1607",0,0,0,0
"1608",1,0,0,1
"1609",0,1,1,0
"1610",1,1,0,0
"1611",0,1,0,0
"1612",0,1,1,0
"1613",1,0,0,1
"1614",0,0,0,1
"1615",0,1,0,0
"1616",0,1,0,1
"1617",0,0,0,1
"1618",1,1,0,1
"1619",0,1,1,1
"1620",0,0,1,0
"1621",0,1,0,0
"1622",1,1,0,0
"1623",0,1,0,0
"1624",1,1,0,1
"1625",0,0,0,0
"1626",0,0,1,0
"1627",1,1,1,0
"1628",0,1,1,0
"1629",1,1,0,1
"1630",0,0,1,0
"1631",0,0,0,1
"1632",0,0,0,1
"1633",0,0,0,0
"1634",0,1,1,1
"1635",0,0,0,0
"1636",0,1,1,0
"1637",1,1,1,0
"1638",0,1,1,0
"1639",0,1,1,0
"1640",0,0,0,0
"1641",0,1,0,1
"1642",1,0,0,1
"1643",0,0,1,1
"1644",0,1,0,1
"1645",0,0,1,0
"1646",1,1,1,1
"1647",1,1,0,0
"1648",0,0,1,1
"1649",1,0,1,1
"1650",0,0,0,0
"1651",0,1,0,1
"1652",0,0,0,0
"1653",1,0,1,1
"1654",0,1,1,1
"1655",1,1,0,0
"1656",0,1,1,0
"1657",0,0,1,0
"1658",1,0,0,1
"1659",0,1,0,1
"1660",0,0,1,1
"1661",0,1,0,0
"1662",0,1,0,1
"1663",0,1,0,1
"1664",0,0,0,0
"1665",0,1,0,1
"1666",0,1,1,0
"1667",0,1,0,0
"1668",0,0,0,0
"1669",1,0,0,1
"1670",0,0,0,1
"1671",0,1,0,1
"1672",0,1,0,0
"1673",1,0,0,0
"1674",0,0,1,1
"1675",0,1,0,1
"1676",0,1,0,0
"1677",1,0,0,1
"1678",0,1,1,0
"1679",1,1,0,0
"1680",0,1,0,0
"1681",1,1,1,0
"1682",0,1,0,1
"1683",1,1,1,1
"1684",0,1,0,0
"1685",0,0,1,1
"1686",1,1,1,0
"1687",1,1,0,0
"1688",0,1,0,0
"1689",0,1,0,1
"1690",0,0,1,0
"1691",0,1,1,1
"1692",0,1,0,1
"1693",0,0,0,0
"1694",1,1,0,0
"1695",1,1,1,1
"1696",0,1,1,0
"1697",1,1,0,1
"1698",1,1,1,1
"1699",0,0,1,0
"1700",0,0,1,0
"1701",0,0,0,0
"1702",0,1,1,1
"1703",0,0,0,1
"1704",0,1,1,0
"1705",0,1,0,0
"1706",0,1,0,1
"1707",0,1,0,0
"1708",0,0,1,1
"1709",1,1,0,0
"1710",0,1,0,0
"1711",1,1,0,1
"1712",1,1,0,0
"1713",0,0,1,0
"1714",0,1,1,1
"1715",1,0,0,1
"1716",0,0,0,1
"1717",1,0,1,0
"1718",1,0,0,1
"1719",0,0,0,0
"1720",0,0,1,0
"1721",0,0,1,1
"1722",1,1,0,1
"1723",0,0,1,0
"1724",0,1,1,1
"1725",0,0,1,1
"1726",0,0,0,1
"1727",1,1,0,0
"1728",0,0,1,0
"1729",1,0,0,1
"1730",0,1,1,0
"1731",1,1,1,0
"1732",1,1,1,0
"1733",1,1,1,0
"1734",0,1,1,0
"1735",1,0,1,0
"1736",1,1,1,1
"1737",0,0,1,1
"1738",1,1,1,0
"1739",0,0,0,1
"1740",0,1,0,0
"1741",1,1,1,0
"1742",1,1,1,1
"1743",1,1,1,1
"1744",0,0,0,1
"1745",0,0,1,1
"1746",0,0,0,1
"1747",0,0,1,0
"1748",0,1,1,0
"1749",0,0,0,0
"1750",0,1,0,0
"1751",0,1,1,1
"1752",1,0,1,0
"1753",1,1,1,0
"1754",1,0,1,1
"1755",0,1,1,0
"1756",0,1,0,0
"1757",0,0,1,0
"1758",1,0,0,1
"1759",1,1,0,0
"1760",1,1,1,0
"1761",0,0,0,0
"1762",1,0,0,0
"1763",0,1,0,1
"1764",0,1,1,0
"1765",0,1,0,0
"1766",1,1,0,1
"1767",0,1,0,1
"1768",1,1,1,1
"1769",0,0,1,1
"1770",1,0,0,0
"1771",0,1,1,0
"1772",1,0,1,1
"1773",0,0,1,0
"1774",0,1,1,0
"1775",0,1,1,0
"1776",1,0,0,1
"1777",1,0,0,1
"1778",1,0,0,1
"1779",0,0,0,1
"1780",0,1,1,0
"1781",0,0,0,1
"1782",0,1,1,1
"1783",0,1,0,0
"1784",1,0,1,1
"1785",0,0,0,0
"1786",1,1,0,0
"1787",0,1,0,1
"1788",0,0,0,0
"1789",1,1,1,0
"1790",1,1,1,1
"1791",0,0,1,1
"1792",0,1,0,0
"1793",0,0,1,1
"1794",0,1,0,0
"1795",0,1,1,0
"1796",1,0,1,1
"1797",0,0,1,1
"1798",0,0,1,1
"1799",0,1,1,0
"1800",0,1,0,0
"1801",0,0,0,0
"1802",0,0,0,1
"1803",1,1,1,1
"1804",1,1,1,0
"1805",0,0,1,0
"1806",0,1,1,0
"1807",0,1,1,1
"1808",1,0,0,0
"1809",0,0,1,0
"1810",1,0,0,1
"1811",0,1,1,0
"1812",0,0,0,1
"1813",0,1,1,0
"1814",1,1,1,1
"1815",0,1,0,1
"1816",0,0,0,1
"1817",0,1,0,1
"1818",0,0,0,0
"1819",1,1,0,1
"1820",0,1,0,0
"1821",0,1,0,1
"1822",0,0,0,0
"1823",0,1,1,0
"1824",1,0,0,1
"1825",0,1,0,0
"1826",1,1,1,0
"1827",1,1,1,1
"1828",1,1,1,1
"1829",0,0,0,0
"1830",0,0,0,1
"1831",0,1,0,1
"1832",0,1,1,1
"1833",0,1,1,0
"1834",0,0,0,0
"1835",0,0,1,0
"1836",0,1,0,0
"1837",0,1,0,0
"1838",0,0,1,0
"1839",0,1,1,1
"1840",0,0,0,0
"1841",1,0,1,1
"1842",0,0,1,0
"1843",0,0,1,0
"1844",0,1,0,1
"1845",0,0,0,0
"1846",0,0,0,1
"1847",0,1,0,1
"1848",1,0,0,0
"1849",0,1,0,0
"1850",0,1,1,0
"1851",1,0,0,1
"1852",0,0,1,0
"1853",1,0,1,1
"1854",0,0,1,1
"1855",1,0,0,0
"1856",0,0,1,0
"1857",0,0,1,0
"1858",0,1,1,1
"1859",0,0,1,0
"1860",0,1,1,1
"1861",0,1,0,1
"1862",0,1,0,1
"1863",0,0,0,0
"1864",1,0,0,0
"1865",1,0,1,1
"1866",0,1,0,0
"1867",0,1,1,1
"1868",1,1,0,0
"1869",0,0,0,0
"1870",0,1,1,0
"1871",0,1,0,0
"1872",0,1,0,1
"1873",0,1,0,1
"1874",0,0,1,1
"1875",1,1,1,0
"1876",1,0,1,1
"1877",0,1,1,0
"1878",0,1,1,0
"1879",0,1,1,0
"1880",0,1,1,1
"1881",0,1,1,0
"1882",1,1,1,0
"1883",0,0,0,0
"1884",1,1,1,0
"1885",0,1,1,0
"1886",0,0,1,1
"1887",1,0,1,1
"1888",0,0,0,0
"1889",0,1,0,0
"1890",0,1,0,0
"1891",1,0,0,1
"1892",0,1,0,0
"1893",0,1,0,0
"1894",0,1,1,0
"1895",1,0,0,0
"1896",0,0,0,1
"1897",0,0,0,1
"1898",0,0,0,0
"1899",0,0,0,0
"1900",0,1,0,0
"1901",1,0,1,1
"1902",0,1,1,0
"1903",0,0,1,1
"1904",0,0,0,1
"1905",0,0,0,1
"1906",0,1,1,0
"1907",0,0,0,0
"1908",0,0,1,1
"1909",1,1,1,1
"1910",1,1,1,1
"1911",0,1,0,1
"1912",0,1,0,1
"1913",1,1,0,0
"1914",0,1,1,0
"1915",0,0,1,1
"1916",0,1,1,0
"1917",1,0,1,1
"1918",0,0,0,0
"1919",0,0,0,0
"1920",0,1,1,0
"1921",1,0,1,0
"1922",0,0,1,0
"1923",0,1,0,0
"1924",0,1,0,1
"1925",0,0,1,0
"1926",0,1,1,0
"1927",1,0,0,1
"1928",1,0,1,1
"1929",0,1,1,0
"1930",0,1,1,0
"1931",0,1,1,0
"1932",1,0,1,1
"1933",0,0,1,1
"1934",0,0,1,0
"1935",1,0,1,1
"1936",1,1,0,0
"1937",1,1,1,1
"1938",1,1,1,0
"1939",0,0,1,0
"1940",0,1,1,0
"1941",1,0,0,1
"1942",1,0,0,1
"1943",0,0,0,1
"1944",0,0,0,0
"1945",0,0,0,0
"1946",1,1,1,1
"1947",0,0,1,1
"1948",0,0,1,1
"1949",0,1,0,0
"1950",1,1,0,0
"1951",0,1,0,0
"1952",0,0,0,1
"1953",0,1,0,1
"1954",1,0,1,1
"1955",0,1,1,0
"1956",0,1,1,1
"1957",0,1,0,1
"1958",0,1,1,1
"1959",1,1,1,1
"1960",0,1,1,1
"1961",1,0,0,1
"1962",0,1,1,0
"1963",0,1,0,0
"1964",0,1,0,1
"1965",0,0,0,0
"1966",0,1,1,0
"1967",0,1,1,1
"1968",0,0,1,0
"1969",0,0,1,1
"1970",0,0,1,1
"1971",0,0,1,0
"1972",0,1,1,1
"1973",0,1,0,0
"1974",0,0,0,0
"1975",0,0,0,1
"1976",0,0,0,1
"1977",0,0,1,0
"1978",1,1,1,0
"1979",0,0,1,1
"1980",0,1,0,0
"1981",1,1,0,0
"1982",0,0,1,0
"1983",0,0,1,0
"1984",0,0,1,1
"1985",0,1,0,0
"1986",0,1,0,0
"1987",0,0,1,0
"1988",0,0,1,1
"1989",0,1,1,1
"1990",1,1,1,0
"1991",0,0,1,0
"1992",0,1,0,1
"1993",0,1,1,0
"1994",0,1,0,0
"1995",0,0,1,0
"1996",0,1,0,0
"1997",0,1,0,1
"1998",1,1,0,1
"1999",0,1,0,0
"2000",0,1,0,1
"2001",0,0,0,1
"2002",0,0,0,0
"2003",0,0,1,0
"2004",0,0,1,0
"2005",0,1,1,0
"2006",0,1,1,1
"2007",0,0,1,0
"2008",0,0,0,1
"2009",0,0,0,1
"2010",1,1,1,0
"2011",0,1,0,0
"2012",0,0,1,1
"2013",1,0,0,0
"2014",0,0,0,1
"2015",0,0,1,0
"2016",1,1,1,0
"2017",0,1,1,1
"2018",1,1,1,0
"2019",1,1,0,0
"2020",0,0,1,0
"2021",0,0,0,1
"2022",0,0,0,0
"2023",0,0,0,1
"2024",0,1,0,1
"2025",1,1,1,1
"2026",1,1,0,0
"2027",0,0,0,0
"2028",0,0,0,0
"2029",0,0,1,0
"2030",1,1,1,0
"2031",1,0,0,1
"2032",0,0,0,0
"2033",1,1,1,0
"2034",0,0,0,0
"2035",0,0,0,1
"2036",1,1,0,0
"2037",0,1,0,0
"2038",0,1,0,1
"2039",0,0,0,1
"2040",0,0,1,1
"2041",1,0,0,0
"2042",0,0,0,1
"2043",0,0,1,0
"2044",1,1,0,0
"2045",0,0,0,0
"2046",1,1,0,1
"2047",1,0,1,0
"2048",0,1,0,0
"2049",0,1,1,0
"2050",0,1,1,1
"2051",0,0,1,0
"2052",1,1,0,0
"2053",0,1,0,0
"2054",0,1,1,1
"2055",0,1,1,0
"2056",0,1,0,1
"2057",1,1,1,0
"2058",1,1,1,1
"2059",1,0,0,1
"2060",1,0,0,0
"2061",0,0,0,1
"2062",0,0,1,0
"2063",1,1,0,0
"2064",0,0,0,0
"2065",0,0,0,1
"2066",0,0,1,0
"2067",1,1,1,0
"2068",0,1,0,1
"2069",1,0,0,1
"2070",0,1,0,1
"2071",0,0,1,1
"2072",0,1,0,0
"2073",1,1,0,1
"2074",0,0,1,1
"2075",0,0,0,0
"2076",0,1,0,1
"2077",0,0,0,1
"2078",0,0,1,1
"2079",1,1,0,1
"2080",0,1,0,1
"2081",0,1,1,0
"2082",1,0,0,0
"2083",0,1,1,1
"2084",1,1,1,0
"2085",0,0,0,1
"2086",0,0,0,1
"2087",0,0,1,0
"2088",1,0,1,1
"2089",0,1,1,0
"2090",1,1,0,1
"2091",0,1,1,1
"2092",0,1,1,0
"2093",0,1,0,1
"2094",0,1,0,1
"2095",0,0,0,0
"2096",0,1,0,0
"2097",0,0,0,0
"2098",0,0,1,0
"2099",0,0,1,1
"2100",1,0,1,1
"2101",0,0,0,1
"2102",0,1,0,0
"2103",0,0,1,1
"2104",0,0,1,1
"2105",1,0,0,0
"2106",1,0,1,1
"2107",1,0,1,1
"2108",1,0,0,1
"2109",0,1,0,1
"2110",0,1,1,0
"2111",1,0,0,1
"2112",0,0,1,1
"2113",1,0,0,1
"2114",0,1,1,0
"2115",1,1,1,1
"2116",0,0,0,0
"2117",0,0,0,0
"2118",0,0,1,0
"2119",0,1,1,0
"2120",1,1,0,0
"2121",1,1,0,0
"2122",0,0,0,0
"2123",0,0,1,1
"2124",1,0,0,1
"2125",1,1,0,0
"2126",1,0,0,1
"2127",0,1,1,0
"2128",1,0,0,1
"2129",1,1,1,0
"2130",0,0,0,0
"2131",1,1,1,0
"2132",1,0,0,1
"2133",0,1,1,0
"2134",0,0,1,1
"2135",0,1,0,1
"2136",1,0,1,1
"2137",0,0,1,1
"2138",0,1,1,0
"2139",0,1,0,1
"2140",0,0,0,0
"2141",0,0,1,1
"2142",0,1,0,1
"2143",0,1,0,0
"2144",0,0,1,0
"2145",0,1,1,1
"2146",1,0,0,1
"2147",0,0,1,1
"2148",0,0,1,1
"2149",0,0,1,1
"2150",0,1,1,0
"2151",1,0,1,1
"2152",0,0,1,0
"2153",1,1,0,0
"2154",0,0,1,0
"2155",0,0,1,0
"2156",0,1,1,1
"2157",1,0,0,1
"2158",0,1,0,1
"2159",0,0,1,1
"2160",0,0,0,1
"2161",1,1,1,0
"2162",0,1,0,0
"2163",0,0,1,1
"2164",0,1,1,0
"2165",1,0,1,1
"2166",1,1,0,1
"2167",0,0,0,1
"2168",1,0,0,0
"2169",0,0,0,1
"2170",0,1,1,0
"2171",0,1,0,1
"2172",0,1,0,0
"2173",1,1,1,1
"2174",1,1,1,1
"2175",1,0,0,1
"2176",1,1,1,1
"2177",1,0,1,0
"2178",1,0,1,1
"2179",0,0,1,0
"2180",0,1,1,0
"2181",0,1,0,1
"2182",1,1,1,1
"2183",0,1,1,1
"2184",1,1,0,0
"2185",0,0,0,1
"2186",0,0,1,0
"2187",0,0,0,1
"2188",0,0,1,0
"2189",0,1,1,1
"2190",0,0,0,0
"2191",0,0,1,0
"2192",1,0,0,0
"2193",1,1,0,1
"2194",1,1,1,0
"2195",0,0,1,1
"2196",1,1,0,0
"2197",0,0,1,0
"2198",1,1,0,0
"2199",1,1,0,0
"2200",0,0,1,0
"2201",1,1,1,1
"2202",0,0,1,0
"2203",0,0,1,1
"2204",0,1,0,0
"2205",1,0,1,1
"2206",0,0,1,0
"2207",1,0,1,1
"2208",1,0,0,1
"2209",1,0,0,1
"2210",0,0,0,1
"2211",1,0,1,1
"2212",0,1,0,1
"2213",1,0,0,1
"2214",1,0,0,0
"2215",1,0,0,0
"2216",0,0,1,1
"2217",1,1,1,1
"2218",0,1,1,0
"2219",0,1,1,1
"2220",0,0,0,1
"2221",0,0,0,1
"2222",0,0,0,1
"2223",0,1,0,1
"2224",0,1,1,0
"2225",0,1,0,0
"2226",0,0,1,1
"2227",1,1,0,0
"2228",0,0,1,0
"2229",0,1,0,0
"2230",0,1,0,0
"2231",0,0,0,1
"2232",0,0,1,0
"2233",0,0,1,1
"2234",0,1,0,0
"2235",1,1,0,0
"2236",1,0,0,0
"2237",0,1,1,0
"2238",0,1,0,0
"2239",0,0,1,1
"2240",0,0,1,0
"2241",0,1,0,0
"2242",0,0,0,0
"2243",0,0,0,0
"2244",1,0,0,0
"2245",0,0,1,0
"2246",0,1,0,1
"2247",0,0,1,1
"2248",0,1,0,1
"2249",1,1,0,1
"2250",1,1,0,1
"2251",1,1,1,0
"2252",1,0,0,1
"2253",0,0,0,0
"2254",1,1,1,0
"2255",0,0,1,1
"2256",0,0,0,1
"2257",1,1,1,1
"2258",1,0,1,1
"2259",1,1,0,0
"2260",1,0,0,0
"2261",0,0,1,0
"2262",0,0,1,1
"2263",0,1,0,1
"2264",0,0,0,0
"2265",0,1,1,0
"2266",1,1,0,1
"2267",0,1,1,0
"2268",1,1,0,1
"2269",0,1,1,1
"2270",0,1,0,0
"2271",0,0,1,1
"2272",0,1,0,0
"2273",1,1,0,0
"2274",1,0,1,1
"2275",0,1,0,1
"2276",0,0,1,1
"2277",0,0,0,1
"2278",0,0,0,1
"2279",1,1,1,0
"2280",0,1,0,0
"2281",0,0,1,1
"2282",0,0,1,0
"2283",0,0,1,1
"2284",1,0,0,1
"2285",0,1,0,1
"2286",1,0,1,1
"2287",0,0,0,1
"2288",0,0,1,1
"2289",0,1,1,1
"2290",0,0,0,0
"2291",1,1,0,0
"2292",0,0,0,0
"2293",0,0,1,0
"2294",0,1,1,1
"2295",1,0,1,1
"2296",1,1,1,1
"2297",0,1,1,0
"2298",0,0,1,1
"2299",0,1,1,1
"2300",0,1,1,0
"2301",0,1,1,0
"2302",0,1,0,0
"2303",0,1,1,1
"2304",1,1,1,1
"2305",1,1,0,0
"2306",0,0,1,1
"2307",0,1,1,1
"2308",0,0,0,0
"2309",0,1,0,0
"2310",0,0,1,1
"2311",1,0,1,1
"2312",0,0,0,0
"2313",0,0,0,1
"2314",0,0,1,0
"2315",0,1,0,0
"2316",0,1,1,0
"2317",0,1,1,1
"2318",0,0,0,1
"2319",1,0,1,0
"2320",0,0,1,0
"2321",0,0,0,1
"2322",0,0,1,0
"2323",0,1,1,1
"2324",1,1,0,0
"2325",1,0,0,1
"2326",0,1,1,1
"2327",0,1,1,1
"2328",0,0,0,1
"2329",0,1,1,0
"2330",0,0,1,0
"2331",1,1,1,1
"2332",1,1,0,0
"2333",0,0,0,1
"2334",1,1,1,0
"2335",0,0,1,0
"2336",1,0,0,1
"2337",0,0,0,1
"2338",0,0,0,1
"2339",0,1,1,1
"2340",0,0,1,0
"2341",0,0,0,1
"2342",1,0,1,1
"2343",0,1,0,1
"2344",0,1,1,0
"2345",1,1,0,1
"2346",1,1,1,1
"2347",1,1,0,1
"2348",0,1,0,1
"2349",0,0,1,0
"2350",1,0,0,1
"2351",1,1,1,0
"2352",1,1,0,0
"2353",0,0,1,1
"2354",0,0,1,0
"2355",0,0,0,1
"2356",0,0,0,0
"2357",0,1,0,1
"2358",1,1,1,1
"2359",0,0,1,0
"2360",0,0,1,1
"2361",0,0,1,0
"2362",0,1,0,1
"2363",1,0,1,1
"2364",0,0,1,0
"2365",1,1,1,1
"2366",1,0,1,1
"2367",0,1,1,1
"2368",1,0,0,0
"2369",1,1,0,0
"2370",0,1,0,1
"2371",1,0,0,1
"2372",1,1,0,1
"2373",1,1,1,1
"2374",1,0,0,1
"2375",1,0,0,0
"2376",0,1,0,0
"2377",0,0,0,0
"2378",0,1,0,1
"2379",1,0,0,1
"2380",0,1,0,1
"2381",0,1,0,0
"2382",1,0,0,1
"2383",0,0,0,0
"2384",0,0,0,0
"2385",1,1,1,1
"2386",0,0,1,1
"2387",0,1,0,0
"2388",0,0,1,1
"2389",0,0,1,1
"2390",0,0,1,1
"2391",0,0,1,1
"2392",0,1,0,0
"2393",0,1,0,1
"2394",0,1,0,0
"2395",1,1,1,1
"2396",0,1,0,1
"2397",0,1,0,1
"2398",0,1,0,1
"2399",0,1,1,0
"2400",0,1,0,1
"2401",0,0,0,1
"2402",0,0,0,0
"2403",0,1,0,0
"2404",1,1,1,1
"2405",1,1,1,1
"2406",1,0,1,1
"2407",0,0,1,1
"2408",1,0,1,1
"2409",0,1,0,1
"2410",1,1,1,1
"2411",1,1,1,1
"2412",1,1,1,1
"2413",0,0,1,1
"2414",0,1,1,1
"2415",0,0,0,0
"2416",0,1,0,1
"2417",0,0,1,1
"2418",0,1,1,0
"2419",0,0,1,1
"2420",0,1,0,1
"2421",0,0,0,0
"2422",0,1,1,1
"2423",0,0,1,1
"2424",1,0,0,1
"2425",0,0,0,0
"2426",0,0,0,1
"2427",0,1,1,0
"2428",0,1,0,0
"2429",0,0,1,1
"2430",0,1,0,0
"2431",1,0,1,1
"2432",1,1,0,0
"2433",0,1,0,0
"2434",1,1,1,0
"2435",0,0,1,0
"2436",0,1,0,0
"2437",1,0,0,1
"2438",1,1,0,1
"2439",1,1,1,1
"2440",0,1,1,1
"2441",0,1,1,1
"2442",1,0,0,1
"2443",1,1,0,1
"2444",0,0,1,1
"2445",0,0,1,0
"2446",0,1,0,0
"2447",0,0,1,0
"2448",0,1,1,0
"2449",0,1,1,1
"2450",1,1,1,0
"2451",0,1,0,0
"2452",1,1,1,1
"2453",1,0,1,1
"2454",0,1,0,0
"2455",1,1,0,1
"2456",0,1,0,1
"2457",1,1,0,1
"2458",0,1,0,0
"2459",1,1,1,1
"2460",1,0,1,1
"2461",0,0,0,1
"2462",0,0,1,0
"2463",1,0,1,1
"2464",0,0,1,0
"2465",1,0,0,0
"2466",0,1,0,1
"2467",0,1,1,0
"2468",0,0,1,1
"2469",0,1,0,1
"2470",0,1,0,1
"2471",0,1,1,0
"2472",1,1,0,0
"2473",1,1,1,0
"2474",0,0,0,0
"2475",0,1,1,0
"2476",0,0,0,0
"2477",0,1,0,0
"2478",0,1,0,1
"2479",0,1,1,1
"2480",0,0,1,1
"2481",1,1,0,1
"2482",0,0,1,0
"2483",0,1,0,1
"2484",1,0,0,1
"2485",1,1,1,1
"2486",0,0,0,1
"2487",0,0,0,0
"2488",0,0,0,0
"2489",0,0,1,1
"2490",1,0,0,1
"2491",0,1,1,1
"2492",0,0,0,0
"2493",0,0,0,0
"2494",0,1,0,0
"2495",0,1,1,1
"2496",1,1,0,0
"2497",0,0,1,0
"2498",0,1,1,0
"2499",1,0,1,1
"2500",0,0,1,0
"2501",1,1,0,0
"2502",0,1,0,1
"2503",0,0,0,1
"2504",1,1,1,1
"2505",1,1,0,1
"2506",0,0,1,1
"2507",1,0,0,1
"2508",0,1,0,0
"2509",0,0,1,0
"2510",0,1,0,0
"2511",0,0,1,0
"2512",1,1,1,0
"2513",0,0,1,0
"2514",0,0,1,1
"2515",1,1,0,1
"2516",1,0,0,1
"2517",0,1,0,0
"2518",0,1,0,1
"2519",1,1,1,0
"2520",0,1,0,1
"2521",0,1,1,0
"2522",0,0,0,0
"2523",1,0,0,0
"2524",1,0,0,0
"2525",0,0,1,1
"2526",1,0,1,0
"2527",0,1,0,1
"2528",0,0,1,1
"2529",1,1,0,1
"2530",1,0,0,0
"2531",0,0,0,0
"2532",0,1,1,0
"2533",0,0,1,0
"2534",1,1,0,1
"2535",1,0,0,0
"2536",0,1,0,1
"2537",1,0,1,0
"2538",0,1,1,0
"2539",0,0,1,1
"2540",1,1,0,0
"2541",0,0,0,0
"2542",1,1,0,1
"2543",0,0,1,1
"2544",1,1,1,1
"2545",1,0,0,0
"2546",0,1,0,0
"2547",0,0,1,0
"2548",0,1,0,0
"2549",1,1,1,0
"2550",0,1,1,1
"2551",0,1,1,0
"2552",0,0,1,1
"2553",1,0,1,1
"2554",0,1,1,1
"2555",0,0,0,0
"2556",1,0,1,1
"2557",0,0,0,1
"2558",0,0,0,0
"2559",0,0,1,0
"2560",1,1,1,1
"2561",1,0,0,1
"2562",1,1,1,0
"2563",0,1,0,0
"2564",0,1,1,1
"2565",0,0,1,0
"2566",1,1,0,1
"2567",1,0,0,0
"2568",0,0,1,0
"2569",0,0,1,0
"2570",1,1,1,1
"2571",0,0,0,0
"2572",0,0,1,0
"2573",0,1,0,0
"2574",0,1,0,0
"2575",0,1,0,0
"2576",1,1,0,0
"2577",0,1,1,0
"2578",0,1,1,0
"2579",0,0,0,0
"2580",0,1,0,1
"2581",1,1,0,0
"2582",0,0,1,0
"2583",0,0,1,0
"2584",0,1,1,0
"2585",1,1,0,1
"2586",1,1,0,1
"2587",1,0,1,0
"2588",1,1,1,0
"2589",0,1,0,1
"2590",0,1,0,0
"2591",0,0,1,1
"2592",0,0,1,1
"2593",1,1,1,1
"2594",1,0,0,1
"2595",0,0,0,0
"2596",0,0,1,1
"2597",0,1,0,1
"2598",1,0,1,1
"2599",1,0,0,1
"2600",0,1,1,1
"2601",0,1,1,0
"2602",0,0,0,0
"2603",0,0,0,0
"2604",0,1,0,1
"2605",0,1,0,1
"2606",1,0,1,1
"2607",1,1,1,1
"2608",0,0,0,1
"2609",0,0,1,1
"2610",0,1,0,1
"2611",0,1,0,1
"2612",1,0,1,1
"2613",0,1,1,0
"2614",0,1,0,1
"2615",0,0,1,1
"2616",0,0,1,1
"2617",1,1,1,0
"2618",0,0,0,0
"2619",1,1,0,1
"2620",1,1,1,1
"2621",0,0,1,0
"2622",0,1,1,0
"2623",0,1,1,0
"2624",0,0,1,1
"2625",0,1,1,1
"2626",1,1,1,1
"2627",0,0,1,0
"2628",0,0,0,0
"2629",1,0,1,0
"2630",0,1,1,1
"2631",0,1,0,0
"2632",1,0,0,1
"2633",1,1,0,0
"2634",0,0,1,0
"2635",0,1,1,1
"2636",0,0,1,0
"2637",0,1,0,1
"2638",0,1,1,0
"2639",0,0,1,1
"2640",1,1,1,1
"2641",0,0,0,1
"2642",1,1,0,0
"2643",0,0,0,0
"2644",0,0,1,1
"2645",0,1,0,0
"2646",0,1,1,0
"2647",0,0,0,1
"2648",0,0,1,0
"2649",0,0,1,0
"2650",0,0,1,0
"2651",0,0,1,0
"2652",0,0,0,0
"2653",1,1,1,1
"2654",1,0,1,0
"2655",0,0,0,0
"2656",1,1,0,1
"2657",0,1,0,1
"2658",0,0,1,0
"2659",0,0,1,0
"2660",1,1,0,1
"2661",0,0,0,0
"2662",0,0,0,0
"2663",0,0,1,0
"2664",0,1,1,0
"2665",0,1,0,1
"2666",0,0,0,1
"2667",0,0,1,0
"2668",0,0,1,1
"2669",1,0,1,0
"2670",0,0,0,0
"2671",0,0,1,0
"2672",0,0,1,0
"2673",0,0,1,1
"2674",0,0,1,1
"2675",1,1,0,1
"2676",0,1,1,1
"2677",0,0,1,0
"2678",0,0,0,1
"2679",0,0,1,0
"2680",0,1,1,1
"2681",0,1,1,0
"2682",1,1,1,1
"2683",0,1,1,0
"2684",0,0,1,1
"2685",0,1,0,0
"2686",0,0,1,0
"2687",0,1,0,1
"2688",1,0,1,1
"2689",0,1,1,1
"2690",0,0,1,0
"2691",0,0,0,1
"2692",1,1,1,1
"2693",0,0,1,0
"2694",1,1,1,0
"2695",1,1,1,0
"2696",0,0,0,0
"2697",0,1,1,0
"2698",0,1,1,0
"2699",1,0,0,1
"2700",0,0,0,0
"2701",1,0,0,0
"2702",1,1,0,0
"2703",0,1,0,0
"2704",0,0,1,0
"2705",1,1,1,1
"2706",0,0,1,0
"2707",0,0,1,1
"2708",1,1,1,0
"2709",1,0,1,0
"2710",0,0,0,0
"2711",0,1,1,1
"2712",0,0,0,1
"2713",1,1,1,1
"2714",0,1,0,1
"2715",0,1,1,0
"2716",0,0,0,0
"2717",0,0,0,1
"2718",0,1,0,1
"2719",0,0,0,1
"2720",0,0,0,0
"2721",0,1,0,0
"2722",0,1,1,0
"2723",0,1,0,1
"2724",1,1,0,0
"2725",0,0,1,0
"2726",0,0,1,0
"2727",0,1,0,1
"2728",1,0,0,1
"2729",0,0,0,0
"2730",1,0,0,1
"2731",0,1,1,1
"2732",0,1,0,0
"2733",0,1,0,0
"2734",1,0,0,1
"2735",1,0,0,1
"2736",0,0,1,1
"2737",1,1,0,0
"2738",0,0,1,1
"2739",0,1,1,1
"2740",0,1,1,1
"2741",0,0,1,1
"2742",0,0,0,1
"2743",0,0,1,0
"2744",0,0,1,0
"2745",0,0,1,0
"2746",0,1,1,1
"2747",0,1,0,0
"2748",0,0,0,1
"2749",1,1,1,0
"2750",0,1,0,1
"2751",1,1,1,0
"2752",0,1,0,0
"2753",1,1,0,0
"2754",0,0,1,1
"2755",0,1,1,0
"2756",0,0,1,0
"2757",1,0,1,0
"2758",0,0,1,0
"2759",0,1,1,1
"2760",0,0,0,1
"2761",0,1,0,1
"2762",1,1,1,0
"2763",1,1,1,0
"2764",0,1,0,0
"2765",0,0,0,1
"2766",0,0,0,1
"2767",0,0,0,0
"2768",1,1,1,0
"2769",1,1,1,1
"2770",1,1,1,1
"2771",0,1,0,1
"2772",0,0,1,1
"2773",0,1,1,1
"2774",0,1,0,0
"2775",0,0,0,1
"2776",1,1,0,0
"2777",0,0,0,1
"2778",0,1,1,1
"2779",0,1,1,0
"2780",0,1,1,0
"2781",1,0,0,1
"2782",1,1,0,1
"2783",0,0,0,0
"2784",1,0,0,0
"2785",0,0,0,1
"2786",1,1,0,0
"2787",0,1,0,0
"2788",1,1,0,0
"2789",0,0,0,0
"2790",0,0,1,0
"2791",0,1,0,1
"2792",0,1,0,1
"2793",0,0,0,0
"2794",0,0,1,0
"2795",0,0,1,1
"2796",0,0,0,1
"2797",0,0,1,0
"2798",0,0,0,0
"2799",0,0,1,1
"2800",0,0,1,0
"2801",1,1,1,0
"2802",1,0,1,1
"2803",0,1,0,1
"2804",0,1,0,1
"2805",0,1,1,0
"2806",1,1,1,0
"2807",0,0,0,0
"2808",0,0,0,1
"2809",0,0,1,0
"2810",1,1,1,1
"2811",0,0,0,1
"2812",0,0,1,0
"2813",0,1,0,0
"2814",0,1,1,0
"2815",1,1,0,0
"2816",0,0,1,0
"2817",0,1,1,1
"2818",0,1,0,1
"2819",0,0,1,0
"2820",1,1,0,0
"2821",1,0,0,1
"2822",0,0,1,1
"2823",0,1,0,1
"2824",1,0,1,1
"2825",0,0,1,1
"2826",1,1,0,0
"2827",0,0,0,1
"2828",0,1,0,0
"2829",0,0,0,0
"2830",1,1,0,0
"2831",0,0,1,0
"2832",1,1,0,1
"2833",1,1,1,0
"2834",0,0,1,0
"2835",0,0,0,0
"2836",1,1,1,0
"2837",0,0,1,1
"2838",0,1,0,1
"2839",0,1,1,0
"2840",0,0,0,1
"2841",0,0,0,0
"2842",0,1,1,1
"2843",0,1,0,1
"2844",1,1,1,0
"2845",1,0,0,1
"2846",1,0,0,1
"2847",0,0,0,1
"2848",0,1,0,1
"2849",0,1,0,0
"2850",0,1,0,1
"2851",0,1,0,0
"2852",0,1,0,0
"2853",0,0,1,1
"2854",1,0,0,0
"2855",1,1,1,1
"2856",0,0,1,0
"2857",0,0,1,0
"2858",1,1,1,0
"2859",1,1,0,1
"2860",0,1,1,0
"2861",1,0,0,1
"2862",1,0,0,1
"2863",1,1,0,1
"2864",0,0,0,0
"2865",0,0,1,1
"2866",0,0,1,0
"2867",0,0,0,1
"2868",0,1,0,1
"2869",1,0,1,1
"2870",1,1,0,1
"2871",0,0,1,0
"2872",0,1,1,1
"2873",0,0,1,0
"2874",1,1,0,1
"2875",0,0,0,0
"2876",0,1,1,1
"2877",1,1,1,1
"2878",1,0,1,1
"2879",0,1,1,0
"2880",0,0,0,0
"2881",0,1,1,1
"2882",1,0,0,1
"2883",0,1,1,0
"2884",1,1,0,1
"2885",0,0,1,0
"2886",0,0,1,0
"2887",1,0,0,1
"2888",0,1,1,1
"2889",0,0,0,1
"2890",0,1,0,0
"2891",0,1,0,0
"2892",1,1,1,1
"2893",0,1,0,1
"2894",1,0,0,0
"2895",1,0,0,1
"2896",0,0,0,1
"2897",0,1,1,0
"2898",0,0,0,1
"2899",0,0,1,1
"2900",0,0,1,1
"2901",0,0,0,0
"2902",1,1,1,1
"2903",1,0,0,0
"2904",0,0,1,0
"2905",0,1,1,0
"2906",0,0,1,1
"2907",1,1,1,1
"2908",0,1,0,0
"2909",0,0,1,1
"2910",1,0,0,1
"2911",0,1,1,0
"2912",1,1,1,0
"2913",0,0,0,1
"2914",0,1,1,0
"2915",0,0,1,0
"2916",0,1,1,1
"2917",0,0,0,0
"2918",1,0,0,1
"2919",0,1,0,1
"2920",0,1,0,1
"2921",1,1,0,1
"2922",1,0,0,1
"2923",0,0,1,1
"2924",1,1,1,1
"2925",1,1,1,0
"2926",0,1,0,0
"2927",0,1,1,1
"2928",0,0,0,0
"2929",0,1,0,1
"2930",1,0,0,1
"2931",0,0,1,1
"2932",1,1,0,0
"2933",0,0,1,0
"2934",0,1,1,0
"2935",1,1,1,0
"2936",0,0,0,0
"2937",0,1,0,0
"2938",1,1,1,1
"2939",1,0,1,0
"2940",0,1,0,1
"2941",0,0,0,0
"2942",0,0,1,0
"2943",1,0,1,0
"2944",0,0,0,1
"2945",0,1,1,1
"2946",0,0,1,1
"2947",0,0,0,0
"2948",0,1,0,0
"2949",0,1,0,1
"2950",0,0,0,1
"2951",1,1,0,0
"2952",0,0,1,1
"2953",1,0,1,1
"2954",0,1,1,1
"2955",1,1,1,0
"2956",0,1,0,0
"2957",0,1,1,0
"2958",1,0,0,1
"2959",0,0,0,1
"2960",0,1,1,0
"2961",0,1,1,0
"2962",1,1,1,0
"2963",0,1,0,1
"2964",0,0,1,0
"2965",0,1,0,1
"2966",0,0,0,0
"2967",1,1,1,0
"2968",0,0,1,1
"2969",1,1,1,1
"2970",0,0,0,1
"2971",0,0,1,0
"2972",0,0,0,1
"2973",0,0,1,1
"2974",0,0,0,1
"2975",1,1,0,0
"2976",0,1,0,1
"2977",1,0,1,1
"2978",1,1,1,1
"2979",1,1,1,1
"2980",0,1,0,0
"2981",0,0,1,0
"2982",1,0,0,1
"2983",1,1,1,1
"2984",0,0,0,0
"2985",1,0,1,1
"2986",0,1,0,0
"2987",0,0,1,0
"2988",0,0,0,1
"2989",0,1,1,0
"2990",0,0,0,1
"2991",1,1,1,0
"2992",1,1,1,0
"2993",1,1,0,1
"2994",0,1,1,0
"2995",0,0,0,1
"2996",0,1,1,1
"2997",0,1,1,1
"2998",0,0,1,1
"2999",0,0,1,0
"3000",1,1,1,1
"3001",1,1,1,1
"3002",0,0,1,0
"3003",1,1,0,0
"3004",0,0,0,0
"3005",0,1,0,0
"3006",0,1,1,0
"3007",0,1,0,0
"3008",0,1,0,1
"3009",0,0,1,0
"3010",0,1,1,1
"3011",0,1,0,0
"3012",0,0,1,0
"3013",0,0,0,1
"3014",0,0,1,0
"3015",0,0,0,1
"3016",0,1,1,1
"3017",0,1,1,1
"3018",0,0,1,1
"3019",0,0,0,1
"3020",0,0,0,0
"3021",0,0,1,0
"3022",1,0,0,1
"3023",0,0,1,0
"3024",0,1,1,1
"3025",1,0,0,1
"3026",0,0,1,1
"3027",0,1,0,1
"3028",0,1,0,0
"3029",0,1,1,1
"3030",0,0,0,1
"3031",0,1,1,1
"3032",0,0,0,1
"3033",0,1,0,1
"3034",1,0,0,0
"3035",1,0,0,1
"3036",0,0,0,1
"3037",0,0,1,1
"3038",0,0,1,1
"3039",0,0,1,0
"3040",0,1,1,1
"3041",1,1,1,0
"3042",0,0,0,0
"3043",1,0,1,0
"3044",0,1,1,1
"3045",0,1,0,1
"3046",0,1,1,0
"3047",0,1,0,0
"3048",0,1,0,0
"3049",1,0,1,1
"3050",1,0,1,1
"3051",0,1,0,0
"3052",0,0,1,1
"3053",0,1,1,1
"3054",1,1,1,1
"3055",0,0,0,1
"3056",0,1,0,1
"3057",1,0,1,1
"3058",0,1,0,0
"3059",0,0,1,0
"3060",1,1,0,0
"3061",0,0,0,1
"3062",0,1,0,0
"3063",1,1,0,0
"3064",1,0,1,1
"3065",0,0,1,0
"3066",0,0,1,0
"3067",1,0,0,0
"3068",1,1,1,1
"3069",0,0,1,1
"3070",1,0,0,1
"3071",1,1,0,0
"3072",1,1,0,1
"3073",1,1,1,1
"3074",0,0,1,1
"3075",1,1,1,1
"3076",1,1,0,0
"3077",0,0,0,1
"3078",0,0,0,0
"3079",1,1,1,0
"3080",0,0,1,0
"3081",0,0,0,0
"3082",0,1,0,0
"3083",0,1,0,1
"3084",0,1,0,0
"3085",0,0,0,0
"3086",0,0,0,1
"3087",1,1,0,1
"3088",0,0,0,1
"3089",1,0,1,1
"3090",0,0,0,0
"3091",1,0,0,1
"3092",1,1,0,0
"3093",0,0,1,0
"3094",0,0,1,0
"3095",0,1,0,0
"3096",1,0,0,0
"3097",1,0,0,1
"3098",0,0,0,1
"3099",0,0,0,0
"3100",1,0,1,1
"3101",0,0,1,0
"3102",0,1,1,0
"3103",1,0,0,1
"3104",1,1,1,1
"3105",0,0,0,0
"3106",1,0,0,0
"3107",0,0,0,1
"3108",0,1,0,1
"3109",0,1,0,0
"3110",0,1,0,1
"3111",0,1,1,1
"3112",1,1,1,0
"3113",0,0,1,1
"3114",1,1,0,1
"3115",1,0,0,1
"3116",1,1,1,1
"3117",0,1,0,0
"3118",0,0,0,1
"3119",0,0,0,1
"3120",0,1,1,0
"3121",0,0,0,1
"3122",0,0,0,1
"3123",1,0,1,0
"3124",1,0,0,1
"3125",0,1,0,0
"3126",0,0,0,0
"3127",1,0,0,0
"3128",0,1,0,0
"3129",0,0,0,1
"3130",0,1,1,1
"3131",1,0,0,1
"3132",1,1,1,0
"3133",0,1,1,1
"3134",0,1,0,1
"3135",1,0,0,0
"3136",0,1,0,0
"3137",1,1,1,1
"3138",1,1,1,0
"3139",0,1,1,0
"3140",0,0,1,0
"3141",1,0,0,0
"3142",0,0,0,1
"3143",0,1,1,0
"3144",0,0,0,0
"3145",0,1,0,1
"3146",0,0,1,1
"3147",0,0,1,1
"3148",1,0,1,1
"3149",0,0,0,1
"3150",1,0,1,1
"3151",0,1,0,0
"3152",0,0,1,0
"3153",0,1,1,1
"3154",0,1,1,1
"3155",1,1,1,0
"3156",1,1,1,1
"3157",1,1,1,0
"3158",1,0,0,1
"3159",0,0,1,0
"3160",0,1,0,0
"3161",0,1,1,0
"3162",0,0,0,0
"3163",0,1,1,1
"3164",0,0,1,0
"3165",1,1,1,0
"3166",1,0,0,1
"3167",0,0,0,0
"3168",0,0,0,1
"3169",0,0,0,1
"3170",1,0,1,0
"3171",0,0,1,0
"3172",0,1,1,0
"3173",0,0,1,0
"3174",0,0,0,1
"3175",0,0,1,1
"3176",0,1,0,0
"3177",0,1,0,1
"3178",0,0,0,0
"3179",0,1,1,1
"3180",0,1,0,1
"3181",0,0,0,1
"3182",0,0,0,1
"3183",0,0,1,0
"3184",0,0,0,0
"3185",0,0,0,0
"3186",0,0,1,0
"3187",1,1,1,0
"3188",0,1,0,1
"3189",0,0,0,1
"3190",0,0,0,1
"3191",0,1,1,1
"3192",0,1,1,1
"3193",1,1,0,1
"3194",0,1,1,1
"3195",0,1,0,0
"3196",1,0,1,1
"3197",0,0,0,0
"3198",1,0,1,1
"3199",0,0,1,1
"3200",0,0,1,0
"3201",0,0,0,0
"3202",0,1,0,1
"3203",0,1,1,1
"3204",1,0,0,0
"3205",0,0,0,1
"3206",0,1,1,1
"3207",0,1,0,0
"3208",0,1,1,0
"3209",0,1,0,1
"3210",1,0,0,1
"3211",0,1,0,0
"3212",0,0,0,0
"3213",1,1,0,1
"3214",0,1,0,1
"3215",1,1,1,0
"3216",1,1,1,1
"3217",0,1,1,1
"3218",0,1,1,0
"3219",0,0,1,0
"3220",1,1,0,1
"3221",0,0,1,0
"3222",0,0,1,1
"3223",0,0,0,0
"3224",0,0,0,1
"3225",0,0,1,0
"3226",0,1,1,1
"3227",0,1,1,1
"3228",0,1,0,0
"3229",1,0,1,1
"3230",1,1,0,0
"3231",1,1,1,1
"3232",0,1,0,0
"3233",0,0,0,1
"3234",1,1,0,1
"3235",1,1,0,0
"3236",1,0,0,1
"3237",0,0,0,0
"3238",0,1,1,0
"3239",0,0,0,1
"3240",0,0,1,0
"3241",0,0,0,1
"3242",0,0,0,0
"3243",0,0,1,1
"3244",1,0,0,1
"3245",1,1,0,1
"3246",1,1,1,1
"3247",0,1,1,0
"3248",1,1,0,0
"3249",0,0,0,0
"3250",1,0,0,0
"3251",0,1,1,1
"3252",0,1,0,1
"3253",0,1,0,1
"3254",0,1,1,0
"3255",0,1,0,1
"3256",0,1,0,0
"3257",0,0,1,1
"3258",1,0,0,0
"3259",1,0,1,0
"3260",1,1,1,0
"3261",1,1,1,1
"3262",0,0,0,0
"3263",0,1,1,1
"3264",0,0,1,1
"3265",1,1,1,1
"3266",1,1,1,1
"3267",0,0,0,1
"3268",0,1,1,0
"3269",0,0,0,1
"3270",0,1,1,1
"3271",0,1,1,1
"3272",0,0,0,0
"3273",0,0,0,0
"3274",1,1,1,0
"3275",0,1,0,1
"3276",0,0,0,1
"3277",0,0,1,1
"3278",0,1,0,1
"3279",0,0,1,1
"3280",1,1,0,0
"3281",0,1,1,1
"3282",0,1,0,1
"3283",1,1,0,0
"3284",0,0,1,1
"3285",0,1,0,0
"3286",1,1,0,1
"3287",0,0,0,1
"3288",0,0,1,1
"3289",1,1,1,0
"3290",0,1,1,1
"3291",0,1,1,0
"3292",0,1,1,1
"3293",0,1,1,0
"3294",0,0,1,1
"3295",0,0,0,0
"3296",0,1,1,1
"3297",0,0,1,1
"3298",0,0,0,0
"3299",1,0,0,1
"3300",1,0,0,0
"3301",0,1,1,0
"3302",0,1,1,1
"3303",0,0,0,0
"3304",0,0,1,0
"3305",1,0,0,0
"3306",0,1,1,1
"3307",0,0,1,0
"3308",0,0,1,1
"3309",1,1,1,1
"3310",1,0,1,1
"3311",1,0,0,1
"3312",0,0,1,1
"3313",0,1,1,0
"3314",0,1,1,0
"3315",1,0,0,0
"3316",0,0,0,1
"3317",1,0,0,0
"3318",1,1,0,1
"3319",0,1,1,0
"3320",0,1,0,0
"3321",0,1,1,1
"3322",0,1,0,0
"3323",0,0,1,0
"3324",0,1,0,1
"3325",1,1,0,0
"3326",0,0,1,1
"3327",1,0,1,1
"3328",0,0,1,0
"3329",0,0,0,1
"3330",0,0,1,1
"3331",0,1,1,0
"3332",0,1,1,0
"3333",0,0,1,1
"3334",1,1,1,0
"3335",0,1,0,0
"3336",1,0,1,0
"3337",0,1,0,1
"3338",1,1,1,0
"3339",0,0,1,1
"3340",0,0,0,1
"3341",0,0,0,0
"3342",0,1,0,0
"3343",0,1,1,1
"3344",1,0,0,0
"3345",0,1,1,1
"3346",0,0,1,1
"3347",0,1,0,0
"3348",0,0,0,1
"3349",0,1,1,0
"3350",1,0,0,0
"3351",1,1,1,1
"3352",0,0,0,0
"3353",1,0,0,1
"3354",0,0,0,1
"3355",0,0,1,0
"3356",1,1,1,1
"3357",0,0,0,1
"3358",0,0,1,0
"3359",0,1,1,0
"3360",0,0,1,0
"3361",1,0,0,0
"3362",1,0,0,0
"3363",0,0,1,0
"3364",0,1,0,1
"3365",0,0,0,1
"3366",0,1,0,0
"3367",0,1,1,1
"3368",0,1,0,1
"3369",0,0,1,1
"3370",1,1,1,1
"3371",0,0,1,0
"3372",0,1,1,0
"3373",0,1,1,0
"3374",0,1,0,0
"3375",0,0,1,1
"3376",0,1,0,1
"3377",1,1,0,1
"3378",0,1,0,0
"3379",1,1,0,0
"3380",0,0,0,0
"3381",0,1,1,1
"3382",1,0,1,0
"3383",1,1,0,1
"3384",0,1,1,1
"3385",0,1,0,0
"3386",1,0,0,1
"3387",1,0,0,0
"3388",0,0,1,1
"3389",1,0,1,1
"3390",0,1,1,1
"3391",0,0,1,1
"3392",1,0,0,0
"3393",0,0,0,1
"3394",0,0,1,1
"3395",0,0,1,1
"3396",0,0,0,1
"3397",1,1,1,1
"3398",0,1,0,0
"3399",0,1,0,0
"3400",0,0,1,1
"3401",1,1,1,1
"3402",0,0,0,1
"3403",0,0,0,1
"3404",0,1,1,0
"3405",0,0,1,1
"3406",0,1,0,0
"3407",0,0,0,0
"3408",1,0,1,0
"3409",0,1,1,0
"3410",1,0,1,1
"3411",0,0,0,0
"3412",0,0,1,1
"3413",0,1,0,0
"3414",0,0,0,1
"3415",1,1,0,0
"3416",1,0,1,1
"3417",0,0,1,1
"3418",1,1,0,0
"3419",1,1,1,1
"3420",0,0,1,1
"3421",0,0,1,1
"3422",0,1,0,1
"3423",1,0,1,1
"3424",1,0,0,0
"3425",0,0,0,0
"3426",0,0,0,1
"3427",0,1,0,1
"3428",0,1,1,1
"3429",0,0,1,1
"3430",0,0,0,0
"3431",0,1,0,1
"3432",1,1,1,0
"3433",0,0,1,0
"3434",0,0,0,0
"3435",0,0,1,1
"3436",0,1,1,1
"3437",1,0,1,1
"3438",0,0,0,0
"3439",0,0,1,1
"3440",0,1,0,0
"3441",0,1,1,0
"3442",0,1,0,0
"3443",1,1,1,0
"3444",1,1,1,1
"3445",0,0,0,1
"3446",0,1,1,1
"3447",0,1,1,0
"3448",0,0,0,0
"3449",1,0,0,0
"3450",1,0,1,0
"3451",1,0,0,0
"3452",1,0,0,0
"3453",1,0,0,1
"3454",1,1,0,1
"3455",1,0,0,1
"3456",1,0,0,0
"3457",0,0,0,0
"3458",1,1,0,1
"3459",1,0,1,1
"3460",0,1,0,1
"3461",0,1,0,0
"3462",0,1,0,1
"3463",0,1,0,1
"3464",0,0,1,0
"3465",0,1,0,1
"3466",0,0,0,0
"3467",0,0,1,1
"3468",0,1,1,0
"3469",0,0,1,1
"3470",1,0,1,1
"3471",0,0,0,1
"3472",1,1,0,0
"3473",0,1,1,1
"3474",0,0,1,1
"3475",0,0,0,1
"3476",1,1,0,0
"3477",1,1,1,0
"3478",0,0,0,1
"3479",0,0,1,0
"3480",0,0,1,0
"3481",0,1,0,1
"3482",1,1,1,0
"3483",1,0,1,0
"3484",0,1,1,1
"3485",0,1,1,1
"3486",1,0,1,1
"3487",1,1,1,1
"3488",0,1,0,0
"3489",0,1,0,0
"3490",0,0,0,0
"3491",0,0,1,1
"3492",0,0,0,0
"3493",0,0,1,0
"3494",1,1,1,0
"3495",0,0,0,1
"3496",1,0,0,1
"3497",0,1,1,0
"3498",0,0,1,1
"3499",0,1,0,0
"3500",0,0,0,0
"3501",0,0,1,0
"3502",0,1,0,0
"3503",1,1,0,0
"3504",0,0,0,0
"3505",0,0,0,0
"3506",0,1,1,0
"3507",0,0,1,0
"3508",0,0,1,0
"3509",0,1,1,1
"3510",0,0,0,0
"3511",1,1,1,0
"3512",1,1,1,1
"3513",0,1,1,0
"3514",0,1,1,0
"3515",0,1,1,1
"3516",1,0,1,0
"3517",0,0,1,0
"3518",0,1,1,0
"3519",0,0,1,0
"3520",1,1,1,0
"3521",0,0,1,0
"3522",0,0,1,0
"3523",0,0,0,0
"3524",0,1,1,1
"3525",0,1,1,1
"3526",0,1,1,0
"3527",0,1,1,0
"3528",1,1,1,0
"3529",0,0,0,0
"3530",0,0,0,0
"3531",0,0,1,1
"3532",0,0,1,0
"3533",0,0,1,0
"3534",0,0,1,1
"3535",1,1,1,1
"3536",0,1,1,1
"3537",1,1,0,0
"3538",0,0,1,0
"3539",1,0,0,1
"3540",0,0,0,0
"3541",0,0,0,0
"3542",0,1,1,1
"3543",0,0,1,0
"3544",0,0,1,1
"3545",0,0,1,1
"3546",0,0,0,0
"3547",0,0,1,0
"3548",0,1,0,0
"3549",0,0,0,0
"3550",1,1,1,1
"3551",0,0,0,0
"3552",1,0,0,1
"3553",0,1,1,0
"3554",0,1,1,0
"3555",0,1,1,0
"3556",0,0,1,0
"3557",0,1,1,0
"3558",0,1,0,1
"3559",0,0,1,0
"3560",1,1,0,1
"3561",1,1,1,0
"3562",0,1,1,1
"3563",0,0,1,0
"3564",1,0,1,0
"3565",0,0,0,0
"3566",0,1,1,1
"3567",1,1,0,1
"3568",0,1,1,0
"3569",1,1,0,1
"3570",0,1,1,1
"3571",0,0,0,1
"3572",0,0,1,0
"3573",0,0,1,1
"3574",1,1,0,1
"3575",1,0,1,1
"3576",0,0,0,1
"3577",1,1,0,1
"3578",0,1,0,1
"3579",1,1,0,0
"3580",1,1,0,0
"3581",1,1,0,0
"3582",0,1,0,0
"3583",1,1,0,0
"3584",0,1,1,0
"3585",0,0,1,1
"3586",0,0,0,0
"3587",1,0,1,1
"3588",0,1,1,0
"3589",0,1,0,1
"3590",0,1,1,0
"3591",0,1,0,1
"3592",1,1,0,1
"3593",0,1,1,1
"3594",0,1,1,1
"3595",0,0,0,0
"3596",0,0,1,1
"3597",0,0,1,0
"3598",0,1,0,1
"3599",0,1,1,1
"3600",0,0,0,0
"3601",0,0,1,0
"3602",1,0,0,1
"3603",0,1,1,1
"3604",0,0,1,0
"3605",0,0,1,0
"3606",0,1,0,1
"3607",1,0,0,1
"3608",0,1,1,0
"3609",0,0,0,1
"3610",0,0,1,0
"3611",0,0,0,0
"3612",0,1,1,0
"3613",1,0,1,0
"3614",0,1,0,0
"3615",1,1,1,1
"3616",1,0,1,0
"3617",0,0,0,0
"3618",1,1,1,0
"3619",1,1,1,0
"3620",0,1,1,0
"3621",1,0,1,1
"3622",1,0,0,1
"3623",0,1,0,1
"3624",0,0,0,0
"3625",0,1,1,0
"3626",0,0,1,0
"3627",0,0,0,0
"3628",1,0,1,1
"3629",1,0,0,1
"3630",0,0,0,0
"3631",0,0,1,1
"3632",1,1,1,1
"3633",0,0,1,1
"3634",1,1,1,1
"3635",0,1,1,0
"3636",1,0,1,0
"3637",1,1,0,0
"3638",0,0,0,1
"3639",0,0,1,0
"3640",0,1,0,1
"3641",1,0,0,1
"3642",0,0,1,1
"3643",0,1,1,1
"3644",0,0,0,0
"3645",0,0,0,1
"3646",0,1,1,0
"3647",0,1,0,0
"3648",0,0,0,0
"3649",0,0,1,0
"3650",0,0,1,0
"3651",1,0,0,1
"3652",1,1,1,0
"3653",0,1,1,0
"3654",0,0,0,1
"3655",1,0,1,0
"3656",1,0,0,1
"3657",1,1,1,0
"3658",0,1,0,1
"3659",1,0,1,1
"3660",0,1,1,1
"3661",0,1,1,0
"3662",1,0,0,0
"3663",0,0,1,0
"3664",0,0,1,1
"3665",1,1,1,0
"3666",0,0,1,0
"3667",0,0,1,0
"3668",0,1,0,1
"3669",0,0,1,0
"3670",0,0,0,0
"3671",0,1,0,0
"3672",0,1,0,0
"3673",0,1,0,0
"3674",0,0,0,0
"3675",0,1,0,0
"3676",0,0,0,0
"3677",0,1,1,0
"3678",0,0,0,0
"3679",0,0,1,0
"3680",0,1,0,1
"3681",0,1,1,0
"3682",1,0,0,1
"3683",1,0,0,1
"3684",0,1,1,0
"3685",0,0,1,1
"3686",0,1,1,1
"3687",0,0,0,0
"3688",0,1,0,1
"3689",0,1,0,1
"3690",1,0,0,0
"3691",1,0,1,1
"3692",1,0,0,0
"3693",1,1,0,0
"3694",1,1,1,0
"3695",0,1,0,0
"3696",0,0,0,0
"3697",1,1,0,1
"3698",0,0,0,1
"3699",1,1,1,0
"3700",1,0,0,1
"3701",0,0,1,0
"3702",1,0,0,1
"3703",1,1,0,0
"3704",0,0,1,0
"3705",1,0,1,1
"3706",0,0,1,1
"3707",1,0,0,0
"3708",1,0,1,1
"3709",0,0,1,0
"3710",1,0,0,1
"3711",1,1,0,1
"3712",0,1,0,0
"3713",0,1,1,0
"3714",0,1,0,0
"3715",0,1,0,1
"3716",1,1,0,1
"3717",1,0,0,0
"3718",0,0,1,1
"3719",0,1,0,1
"3720",1,0,1,1
"3721",0,0,0,1
"3722",0,1,1,0
"3723",0,0,0,1
"3724",1,1,1,1
"3725",0,1,1,1
"3726",0,1,0,0
"3727",0,1,0,0
"3728",1,1,1,1
"3729",0,0,0,0
"3730",0,0,0,1
"3731",0,0,0,1
"3732",0,0,1,0
"3733",0,1,1,1
"3734",0,0,1,1
"3735",0,0,0,1
"3736",1,0,0,0
"3737",1,0,1,1
"3738",1,0,0,1
"3739",1,0,0,0
"3740",0,1,0,1
"3741",0,0,1,1
"3742",0,0,0,0
"3743",0,1,0,0
"3744",0,1,1,1
"3745",0,1,0,0
"3746",0,0,1,1
"3747",0,1,0,0
"3748",0,0,1,1
"3749",0,0,1,1
"3750",0,0,1,0
"3751",0,0,1,0
"3752",0,1,1,1
"3753",1,0,0,1
"3754",0,1,0,1
"3755",0,1,1,0
"3756",0,1,1,0
"3757",0,1,0,0
"3758",0,1,0,0
"3759",0,0,1,1
"3760",0,1,0,1
"3761",0,1,1,1
"3762",0,0,1,1
"3763",0,0,0,0
"3764",0,1,0,0
"3765",0,0,1,0
"3766",0,1,0,1
"3767",0,0,0,1
"3768",0,1,1,1
"3769",1,0,0,1
"3770",0,0,0,1
"3771",1,1,1,1
"3772",0,0,0,0
"3773",0,0,1,1
"3774",0,1,1,1
"3775",1,0,0,1
"3776",0,0,0,1
"3777",0,1,0,0
"3778",1,0,0,1
"3779",0,1,1,1
"3780",0,1,0,1
"3781",0,0,1,0
"3782",0,0,0,0
"3783",0,0,1,1
"3784",0,0,0,0
"3785",1,0,1,0
"3786",0,0,0,0
"3787",0,1,1,0
"3788",1,1,0,0
"3789",0,1,1,1
"3790",1,0,0,1
"3791",1,1,1,1
"3792",1,0,1,1
"3793",0,1,1,1
"3794",0,1,1,1
"3795",0,0,0,1
"3796",0,1,0,1
"3797",0,0,0,1
"3798",1,1,0,0
"3799",0,1,0,0
"3800",1,0,0,0
"3801",0,1,0,1
"3802",0,1,1,1
"3803",0,0,0,0
"3804",0,0,0,1
"3805",0,1,0,1
"3806",0,1,0,1
"3807",0,0,0,1
"3808",0,0,1,0
"3809",0,1,0,1
"3810",0,0,1,0
"3811",1,0,0,1
"3812",0,1,1,0
"3813",0,0,0,1
"3814",0,0,0,1
"3815",0,0,0,1
"3816",0,0,0,1
"3817",0,0,0,1
"3818",1,1,0,1
"3819",0,0,1,0
"3820",0,1,1,1
"3821",0,1,1,1
"3822",0,1,0,1
"3823",0,1,1,1
"3824",0,1,1,0
"3825",0,1,1,1
"3826",0,0,1,0
"3827",0,0,1,0
"3828",1,0,0,1
"3829",0,0,1,1
"3830",1,1,1,1
"3831",0,0,0,1
"3832",0,1,1,1
"3833",0,0,1,0
"3834",0,0,1,1
"3835",0,0,1,0
"3836",0,1,0,1
"3837",1,1,0,0
"3838",0,1,0,0
"3839",0,0,0,0
"3840",1,1,1,0
"3841",0,0,0,1
"3842",1,1,1,0
"3843",1,1,1,0
"3844",0,1,0,1
"3845",0,1,0,0
"3846",0,1,0,0
"3847",0,1,0,1
"3848",0,1,0,1
"3849",1,1,1,0
"3850",1,1,0,0
"3851",0,1,1,0
"3852",0,1,0,1
"3853",0,0,1,1
"3854",1,1,0,1
"3855",1,1,0,1
"3856",0,0,0,1
"3857",1,0,1,0
"3858",0,0,1,0
"3859",0,0,1,0
"3860",1,0,0,1
"3861",0,1,0,1
"3862",0,0,1,1
"3863",0,0,0,0
"3864",1,1,0,0
"3865",1,1,0,1
"3866",0,0,0,0
"3867",0,1,1,0
"3868",0,1,0,0
"3869",1,1,0,0
"3870",1,1,1,0
"3871",1,1,1,0
"3872",0,0,1,1
"3873",0,1,1,0
"3874",0,1,1,0
"3875",0,1,1,0
"3876",0,1,0,1
"3877",1,1,0,1
"3878",1,0,0,1
"3879",0,0,1,0
"3880",1,0,0,0
"3881",0,0,1,0
"3882",0,0,1,1
"3883",0,1,1,0
"3884",0,1,0,1
"3885",0,1,0,1
"3886",0,1,1,1
"3887",1,0,0,1
"3888",0,1,1,1
"3889",1,1,1,0
"3890",1,1,1,0
"3891",0,1,0,1
"3892",0,1,0,0
"3893",0,0,1,0
"3894",1,1,0,0
"3895",0,1,1,0
"3896",1,1,1,0
"3897",0,0,1,0
"3898",0,0,0,1
"3899",1,1,0,0
"3900",1,0,0,0
"3901",0,0,0,0
"3902",1,0,0,1
"3903",0,0,1,1
"3904",0,0,0,0
"3905",1,0,0,1
"3906",0,1,0,1
"3907",0,0,1,1
"3908",0,0,1,1
"3909",0,1,0,0
"3910",0,1,1,0
"3911",1,1,1,1
"3912",0,0,1,1
"3913",0,1,0,1
"3914",0,0,0,0
"3915",0,0,0,1
"3916",0,1,0,1
"3917",1,1,0,1
"3918",0,0,0,0
"3919",1,1,1,1
"3920",1,1,1,0
"3921",1,1,0,0
"3922",0,1,0,1
"3923",0,1,0,0
"3924",1,1,0,1
"3925",0,0,1,0
"3926",0,1,1,1
"3927",0,1,1,0
"3928",0,0,0,0
"3929",0,1,0,1
"3930",1,1,0,0
"3931",0,0,1,0
"3932",0,0,1,1
"3933",0,1,0,1
"3934",0,1,1,0
"3935",0,0,0,1
"3936",0,0,0,0
"3937",0,1,1,0
"3938",1,0,0,1
"3939",1,0,0,1
"3940",0,0,1,1
"3941",0,0,0,0
"3942",1,0,1,1
"3943",0,1,1,0
"3944",0,0,0,1
"3945",1,1,0,1
"3946",0,0,1,1
"3947",1,1,0,0
"3948",0,0,0,1
"3949",0,1,0,1
"3950",0,1,0,1
"3951",1,1,0,1
"3952",0,1,1,1
"3953",1,0,1,1
"3954",0,1,0,0
"3955",0,1,0,1
"3956",1,0,0,1
"3957",0,1,0,0
"3958",0,1,1,0
"3959",1,1,0,0
"3960",1,0,0,1
"3961",1,0,0,1
"3962",0,1,1,1
"3963",0,1,1,1
"3964",1,1,1,1
"3965",0,0,1,1
"3966",0,0,0,0
"3967",0,0,0,1
"3968",0,1,1,1
"3969",0,0,1,0
"3970",0,0,0,1
"3971",1,1,0,1
"3972",1,0,0,0
"3973",0,1,0,0
"3974",1,1,0,1
"3975",0,1,1,1
"3976",0,0,0,1
"3977",0,1,0,1
"3978",0,1,0,1
"3979",0,1,1,0
"3980",1,1,1,0
"3981",0,0,1,1
"3982",0,0,1,1
"3983",0,1,1,0
"3984",0,1,0,1
"3985",1,1,0,1
"3986",0,1,1,0
"3987",1,0,0,1
"3988",0,1,1,0
"3989",0,0,1,0
"3990",0,1,0,0
"3991",0,0,0,0
"3992",0,0,0,0
"3993",0,0,0,1
"3994",0,1,0,0
"3995",0,1,1,0
"3996",0,0,1,0
"3997",0,1,0,1
"3998",1,0,0,0
"3999",0,1,0,0
"4000",0,0,1,0
"4001",0,1,0,0
"4002",1,1,0,0
"4003",0,1,0,1
"4004",0,1,0,1
"4005",0,0,0,0
"4006",0,0,0,1
"4007",1,1,0,1
"4008",0,0,1,0
"4009",0,1,1,1
"4010",0,0,0,0
"4011",0,0,0,0
"4012",1,1,1,0
"4013",0,0,1,0
"4014",0,1,1,0
"4015",1,1,1,0
"4016",0,0,1,0
"4017",0,0,0,0
"4018",0,0,1,1
"4019",0,0,0,0
"4020",0,1,0,0
"4021",0,1,1,0
"4022",0,0,0,0
"4023",0,1,0,1
"4024",0,0,1,0
"4025",1,1,0,0
"4026",0,0,0,1
"4027",1,1,0,1
"4028",0,1,1,1
"4029",0,0,1,1
"4030",0,1,0,0
"4031",0,0,1,1
"4032",0,0,0,0
"4033",0,1,1,1
"4034",1,1,0,1
"4035",0,0,1,1
"4036",1,1,0,1
"4037",0,0,0,1
"4038",0,0,1,1
"4039",0,1,0,1
"4040",1,1,1,1
"4041",0,0,1,0
"4042",1,1,1,1
"4043",0,0,0,1
"4044",1,1,0,1
"4045",0,0,1,1
"4046",0,1,0,1
"4047",0,0,0,1
"4048",0,0,0,1
"4049",0,1,1,1
"4050",0,0,0,0
"4051",0,1,0,0
"4052",0,0,1,0
"4053",1,0,1,1
"4054",1,0,1,1
"4055",1,1,0,0
"4056",0,0,0,1
"4057",0,0,1,1
"4058",0,1,1,0
"4059",0,1,1,0
"4060",0,1,0,0
"4061",1,1,0,0
"4062",0,0,1,1
"4063",1,0,0,1
"4064",0,0,0,1
"4065",0,1,1,0
"4066",1,1,1,0
"4067",0,0,0,1
"4068",1,0,1,0
"4069",0,0,0,0
"4070",1,1,1,0
"4071",0,1,0,1
"4072",0,0,0,0
"4073",0,0,0,1
"4074",0,0,0,0
"4075",0,0,1,1
"4076",0,1,0,1
"4077",0,0,0,0
"4078",0,0,1,0
"4079",0,0,1,1
"4080",1,1,1,0
"4081",1,0,1,1
"4082",0,1,1,1
"4083",0,0,0,0
"4084",0,1,1,0
"4085",0,1,1,1
"4086",1,0,0,0
"4087",0,0,0,1
"4088",0,0,0,0
"4089",0,0,0,1
"4090",0,1,0,0
"4091",0,0,1,1
"4092",0,0,0,0
"4093",0,0,1,0
"4094",1,0,1,1
"4095",0,1,0,1
"4096",0,1,1,0
"4097",1,1,0,1
"4098",0,1,1,0
"4099",0,1,1,0
"4100",0,1,1,1
"4101",1,0,1,0
"4102",0,0,1,0
"4103",0,1,0,1
"4104",0,1,0,0
"4105",0,1,0,0
"4106",0,0,0,1
"4107",1,0,0,1
"4108",0,0,0,0
"4109",0,0,1,0
"4110",0,1,1,0
"4111",0,1,0,1
"4112",0,1,0,0
"4113",0,0,0,1
"4114",0,0,1,1
"4115",1,1,1,0
"4116",0,0,1,0
"4117",1,0,0,1
"4118",0,1,0,0
"4119",0,1,1,1
"4120",1,0,1,0
"4121",0,0,0,1
"4122",0,1,1,0
"4123",1,0,1,0
"4124",0,1,1,0
"4125",1,1,0,0
"4126",1,1,1,1
"4127",0,1,0,0
"4128",1,0,0,0
"4129",0,0,0,1
"4130",0,1,1,1
"4131",0,1,1,0
"4132",1,0,1,0
"4133",0,0,1,1
"4134",0,1,1,1
"4135",1,0,0,0
"4136",1,1,0,0
"4137",0,1,1,1
"4138",0,1,1,0
"4139",1,1,1,1
"4140",0,0,0,0
"4141",0,0,1,0
"4142",0,0,1,1
"4143",0,1,0,0
"4144",1,0,0,1
"4145",0,0,0,1
"4146",0,1,1,1
"4147",1,0,0,1
"4148",0,0,1,0
"4149",0,0,1,0
"4150",0,0,0,1
"4151",0,1,0,0
"4152",0,0,1,1
"4153",0,0,0,1
"4154",0,1,1,1
"4155",0,0,0,0
"4156",0,1,0,0
"4157",0,0,0,0
"4158",0,1,1,1
"4159",0,1,0,0
"4160",0,0,0,0
"4161",0,1,0,0
"4162",1,0,1,1
"4163",0,1,0,0
"4164",0,1,0,0
"4165",0,0,1,1
"4166",0,1,1,1
"4167",1,1,0,0
"4168",1,1,1,1
"4169",1,0,1,1
"4170",1,1,0,0
"4171",0,0,1,0
"4172",1,1,0,0
"4173",0,0,0,0
"4174",1,1,0,1
"4175",0,1,1,0
"4176",0,1,1,1
"4177",1,0,1,1
"4178",0,1,1,1
"4179",1,1,1,1
"4180",0,0,1,1
"4181",0,0,0,0
"4182",0,0,0,1
"4183",0,1,1,1
"4184",1,1,1,0
"4185",0,1,0,0
"4186",1,0,0,0
"4187",0,0,1,1
"4188",0,1,1,1
"4189",0,0,0,0
"4190",0,0,1,1
"4191",1,0,1,1
"4192",0,0,0,0
"4193",0,0,0,0
"4194",0,1,0,0
"4195",0,1,0,1
"4196",1,0,0,0
"4197",0,1,0,1
"4198",0,1,0,0
"4199",0,0,1,0
"4200",0,1,0,0
"4201",1,1,0,1
"4202",0,0,0,0
"4203",0,0,1,0
"4204",1,0,1,1
"4205",0,1,0,0
"4206",1,1,1,1
"4207",0,0,0,1
"4208",0,0,1,0
"4209",1,1,0,1
"4210",1,0,0,1
"4211",0,0,0,0
"4212",1,1,1,1
"4213",0,1,1,1
"4214",0,0,0,0
"4215",1,0,0,0
"4216",0,0,1,1
"4217",0,0,1,0
"4218",0,1,0,0
"4219",1,1,0,0
"4220",1,1,1,1
"4221",1,0,0,1
"4222",0,1,0,1
"4223",1,0,1,0
"4224",0,0,1,0
"4225",0,1,1,0
"4226",0,0,1,0
"4227",0,1,0,0
"4228",1,0,0,1
"4229",0,0,0,0
"4230",1,1,0,0
"4231",1,0,0,0
"4232",0,1,0,1
"4233",1,1,0,0
"4234",0,0,0,1
"4235",1,1,0,1
"4236",0,1,0,0
"4237",0,0,0,1
"4238",0,0,1,1
"4239",0,1,0,1
"4240",0,1,1,0
"4241",1,1,1,1
"4242",0,1,0,1
"4243",0,0,0,0
"4244",1,0,0,1
"4245",1,1,1,1
"4246",0,0,0,0
"4247",1,0,0,1
"4248",0,1,0,1
"4249",0,0,0,1
"4250",0,0,0,1
"4251",1,0,1,1
"4252",1,1,1,1
"4253",0,1,1,1
"4254",1,1,0,1
"4255",0,0,1,1
"4256",0,0,0,0
"4257",1,1,0,1
"4258",0,1,1,0
"4259",0,1,0,1
"4260",0,0,0,0
"4261",1,0,0,1
"4262",1,0,1,1
"4263",0,0,0,0
"4264",0,1,0,1
"4265",0,0,0,1
"4266",0,1,1,0
"4267",0,0,0,1
"4268",0,1,0,1
"4269",1,1,1,0
"4270",0,1,1,1
"4271",1,0,0,0
"4272",0,1,1,1
"4273",1,1,1,1
"4274",0,1,1,0
"4275",0,0,0,0
"4276",0,0,0,0
"4277",1,1,1,1
"4278",0,1,1,1
"4279",0,0,1,0
"4280",1,1,1,1
"4281",1,0,0,0
"4282",1,1,1,0
"4283",0,0,0,1
"4284",0,1,0,1
"4285",0,0,1,1
"4286",0,0,1,1
"4287",0,1,0,0
"4288",0,0,0,0
"4289",0,1,1,0
"4290",1,1,1,1
"4291",1,0,1,1
"4292",0,1,0,0
"4293",0,0,1,1
"4294",0,1,0,0
"4295",1,1,1,0
"4296",0,0,0,1
"4297",0,0,1,1
"4298",0,0,0,0
"4299",0,0,1,1
"4300",1,1,0,1
"4301",0,1,0,1
"4302",0,0,1,0
"4303",1,1,1,1
"4304",1,0,1,1
"4305",0,1,1,0
"4306",0,0,1,0
"4307",0,1,0,1
"4308",1,1,1,1
"4309",1,1,1,0
"4310",0,1,1,0
"4311",1,0,0,1
"4312",1,1,0,1
"4313",0,0,1,0
"4314",1,0,0,0
"4315",0,1,0,1
"4316",0,0,0,0
"4317",0,1,0,1
"4318",1,0,0,1
"4319",0,0,1,0
"4320",0,0,1,0
"4321",0,0,0,1
"4322",0,0,1,1
"4323",0,1,0,1
"4324",1,1,0,0
"4325",0,1,0,0
"4326",0,1,0,0
"4327",0,1,1,0
"4328",1,0,0,1
"4329",0,1,0,0
"4330",0,1,0,0
"4331",0,1,1,0
"4332",0,0,1,0
"4333",0,0,1,0
"4334",1,0,1,1
"4335",1,0,1,1
"4336",1,1,0,0
"4337",1,0,1,0
"4338",0,1,0,0
"4339",1,0,0,1
"4340",0,1,0,0
"4341",0,0,1,1
"4342",1,1,1,1
"4343",1,1,0,0
"4344",0,0,0,0
"4345",1,1,1,1
"4346",0,1,0,0
"4347",0,1,1,1
"4348",1,0,1,1
"4349",0,1,0,1
"4350",0,1,0,1
"4351",0,1,0,0
"4352",0,0,1,0
"4353",0,0,1,1
"4354",1,1,1,0
"4355",0,1,0,1
"4356",0,1,1,1
"4357",1,0,0,1
"4358",1,0,0,1
"4359",0,1,0,1
"4360",0,0,0,1
"4361",1,0,1,1
"4362",0,1,1,1
"4363",1,0,1,0
"4364",0,1,1,1
"4365",0,1,1,1
"4366",0,1,1,1
"4367",1,0,0,1
"4368",0,1,0,1
"4369",0,0,0,1
"4370",0,1,0,1
"4371",0,1,1,0
"4372",1,1,0,0
"4373",0,0,1,0
"4374",0,1,1,0
"4375",1,0,1,1
"4376",0,0,0,0
"4377",1,0,1,1
"4378",1,0,1,1
"4379",1,1,1,1
"4380",0,1,1,0
"4381",0,0,1,0
"4382",1,1,0,0
"4383",0,1,0,0
"4384",1,0,0,0
"4385",0,0,1,0
"4386",0,0,1,1
"4387",0,1,1,1
"4388",1,0,0,1
"4389",1,0,0,1
"4390",1,1,0,0
"4391",0,1,1,0
"4392",1,1,0,0
"4393",1,1,1,0
"4394",0,1,0,1
"4395",0,0,0,0
"4396",1,0,1,1
"4397",0,0,1,0
"4398",0,1,0,0
"4399",0,1,1,1
"4400",1,1,0,1
"4401",1,0,1,0
"4402",0,1,0,0
"4403",1,0,0,1
"4404",1,1,0,0
"4405",1,1,0,1
"4406",0,0,1,1
"4407",0,0,1,1
"4408",0,1,1,0
"4409",0,1,0,1
"4410",0,0,1,0
"4411",0,1,0,1
"4412",0,0,1,0
"4413",0,0,1,1
"4414",0,0,0,1
"4415",0,1,0,1
"4416",1,0,1,1
"4417",1,0,1,1
"4418",1,0,0,0
"4419",0,0,0,0
"4420",0,0,0,1
"4421",1,1,1,0
"4422",1,0,1,0
"4423",0,1,1,0
"4424",1,1,1,1
"4425",0,0,0,0
"4426",0,0,1,0
"4427",0,1,0,1
"4428",0,0,1,1
"4429",0,1,1,1
"4430",1,1,1,0
"4431",0,0,0,0
"4432",0,1,0,1
"4433",0,0,1,0
"4434",1,1,1,0
"4435",0,0,1,1
"4436",0,0,1,1
"4437",0,0,0,1
"4438",0,1,1,1
"4439",0,0,0,0
"4440",0,1,1,0
"4441",0,1,0,1
"4442",0,1,0,1
"4443",0,1,1,1
"4444",0,0,0,0
"4445",0,0,1,0
"4446",1,1,0,1
"4447",0,0,0,0
"4448",0,0,0,1
"4449",0,0,1,1
"4450",0,0,1,0
"4451",0,0,1,0
"4452",0,1,0,1
"4453",0,1,1,1
"4454",0,1,1,0
"4455",0,0,1,0
"4456",1,0,0,0
"4457",1,1,0,0
"4458",0,1,1,0
"4459",0,0,1,1
"4460",1,1,1,0
"4461",0,0,1,0
"4462",0,1,0,1
"4463",0,0,0,1
"4464",1,0,0,1
"4465",0,0,0,1
"4466",1,1,0,0
"4467",0,1,1,1
"4468",0,1,0,0
"4469",0,0,0,0
"4470",0,0,0,0
"4471",0,1,0,0
"4472",0,0,0,0
"4473",0,1,0,1
"4474",1,0,0,0
"4475",0,0,1,0
"4476",0,1,0,1
"4477",0,0,0,0
"4478",0,0,1,0
"4479",0,1,0,1
"4480",0,0,1,0
"4481",1,0,1,0
"4482",0,1,0,0
"4483",0,0,1,0
"4484",0,0,0,0
"4485",1,0,0,0
"4486",0,0,0,0
"4487",0,0,0,1
"4488",0,1,0,0
"4489",0,1,1,0
"4490",0,0,1,1
"4491",1,1,0,0
"4492",0,0,0,0
"4493",0,0,1,1
"4494",0,0,0,1
"4495",0,1,0,1
"4496",0,1,0,1
"4497",1,1,0,1
"4498",0,0,1,0
"4499",0,0,0,0
"4500",0,0,1,0
"4501",1,0,1,1
"4502",0,0,1,1
"4503",0,1,0,1
"4504",0,0,1,0
"4505",0,1,0,0
"4506",0,1,0,0
"4507",1,1,0,0
"4508",0,0,0,0
"4509",0,0,0,0
"4510",0,1,0,1
"4511",0,0,0,1
"4512",0,1,0,0
"4513",0,0,0,1
"4514",1,0,0,1
"4515",0,0,1,0
"4516",0,0,0,0
"4517",1,1,1,0
"4518",0,1,1,0
"4519",0,0,0,1
"4520",1,0,0,1
"4521",1,1,1,0
"4522",0,0,1,0
"4523",0,0,1,0
"4524",1,1,1,0
"4525",1,1,0,0
"4526",0,1,1,1
"4527",1,1,1,1
"4528",1,1,0,1
"4529",0,0,1,1
"4530",0,0,0,0
"4531",0,0,1,1
"4532",1,0,1,0
"4533",1,0,0,1
"4534",0,0,1,1
"4535",0,1,1,0
"4536",0,1,0,1
"4537",0,0,1,1
"4538",1,1,0,0
"4539",0,0,1,1
"4540",0,0,0,0
"4541",0,1,0,0
"4542",0,0,1,1
"4543",0,0,1,1
"4544",1,1,1,1
"4545",0,1,0,1
"4546",0,1,0,0
"4547",1,0,1,1
"4548",0,0,0,1
"4549",0,1,0,0
"4550",0,1,1,1
"4551",0,0,1,0
"4552",0,1,0,1
"4553",0,1,1,1
"4554",1,1,1,0
"4555",0,1,1,0
"4556",0,0,0,1
"4557",0,1,1,1
"4558",1,0,1,1
"4559",0,1,1,1
"4560",1,0,0,1
"4561",1,0,0,0
"4562",0,0,1,0
"4563",1,1,0,0
"4564",0,1,0,1
"4565",0,1,1,0
"4566",0,0,1,0
"4567",0,1,1,0
"4568",1,1,0,0
"4569",0,1,1,1
"4570",0,1,0,1
"4571",0,0,1,0
"4572",0,0,1,0
"4573",0,1,1,1
"4574",0,1,1,1
"4575",0,1,1,0
"4576",0,1,0,1
"4577",1,0,1,0
"4578",1,0,0,1
"4579",0,0,0,1
"4580",0,0,1,1
"4581",0,0,0,1
"4582",0,0,1,1
"4583",1,0,0,0
"4584",0,0,1,1
"4585",0,1,1,1
"4586",0,1,1,0
"4587",0,0,0,0
"4588",0,0,0,1
"4589",0,1,1,1
"4590",1,0,0,0
"4591",0,1,1,0
"4592",1,0,0,1
"4593",0,1,1,1
"4594",1,1,0,0
"4595",1,1,0,1
"4596",1,0,1,1
"4597",1,1,1,1
"4598",1,1,1,1
"4599",1,0,1,1
"4600",0,0,0,1
"4601",0,0,1,0
"4602",0,1,1,0
"4603",0,1,0,0
"4604",0,0,1,1
"4605",0,0,1,1
"4606",0,0,1,0
"4607",0,0,0,1
"4608",0,1,1,1
"4609",0,1,0,1
"4610",0,1,0,1
"4611",0,1,0,1
"4612",1,0,1,0
"4613",0,0,1,1
"4614",1,1,0,0
"4615",0,1,1,1
"4616",0,0,1,0
"4617",1,1,1,0
"4618",1,0,0,1
"4619",1,0,0,0
"4620",0,0,0,1
"4621",0,0,1,0
"4622",1,1,1,1
"4623",0,1,0,0
"4624",0,0,1,0
"4625",0,1,0,1
"4626",0,0,0,0
"4627",0,1,0,0
"4628",1,1,1,1
"4629",0,0,1,0
"4630",0,0,1,0
"4631",0,1,0,0
"4632",0,1,1,0
"4633",0,0,0,0
"4634",1,0,0,1
"4635",0,1,1,0
"4636",1,0,1,0
"4637",0,0,0,1
"4638",0,0,0,0
"4639",0,0,1,0
"4640",1,0,1,1
"4641",1,1,1,1
"4642",0,0,0,0
"4643",1,0,1,1
"4644",1,1,1,1
"4645",0,0,1,1
"4646",0,1,1,1
"4647",0,1,0,0
"4648",0,1,0,1
"4649",1,1,1,1
"4650",0,0,1,1
"4651",0,1,0,1
"4652",1,1,1,0
"4653",1,1,1,1
"4654",1,1,1,1
"4655",0,1,1,0
"4656",0,0,1,0
"4657",0,0,1,0
"4658",1,1,1,1
"4659",0,1,0,0
"4660",1,0,1,1
"4661",1,1,1,0
"4662",0,1,1,0
"4663",0,1,0,1
"4664",0,1,0,1
"4665",0,0,1,1
"4666",1,1,1,0
"4667",0,1,1,1
"4668",0,0,0,1
"4669",1,1,0,0
"4670",1,0,0,0
"4671",0,1,1,1
"4672",0,1,1,0
"4673",0,0,0,0
"4674",0,0,0,1
"4675",1,1,0,0
"4676",0,0,1,1
"4677",0,1,1,1
"4678",0,1,1,0
"4679",0,0,0,1
"4680",1,1,0,1
"4681",0,0,0,1
"4682",0,1,1,0
"4683",0,0,0,1
"4684",0,1,0,1
"4685",1,1,1,1
"4686",1,1,0,1
"4687",0,0,1,0
"4688",0,1,0,0
"4689",1,1,0,1
"4690",0,0,1,0
"4691",1,1,1,0
"4692",0,0,1,0
"4693",0,1,1,0
"4694",0,1,1,0
"4695",0,1,0,1
"4696",1,1,0,0
"4697",0,1,0,1
"4698",0,0,0,1
"4699",1,1,0,0
"4700",0,1,1,0
"4701",1,1,0,1
"4702",0,0,1,1
"4703",1,0,0,1
"4704",1,1,1,0
"4705",1,0,1,0
"4706",0,0,1,0
"4707",0,1,0,1
"4708",0,1,0,1
"4709",0,1,1,0
"4710",0,1,1,0
"4711",0,0,0,0
"4712",1,1,0,1
"4713",0,0,0,1
"4714",0,0,0,0
"4715",0,1,0,1
"4716",1,0,0,0
"4717",1,0,0,1
"4718",0,0,1,0
"4719",0,1,1,0
"4720",0,0,0,1
"4721",1,1,0,0
"4722",0,0,0,0
"4723",0,1,1,1
"4724",0,1,0,1
"4725",1,1,0,0
"4726",0,0,1,0
"4727",1,1,1,1
"4728",1,1,0,0
"4729",0,0,1,1
"4730",0,1,0,1
"4731",1,1,1,1
"4732",0,0,1,0
"4733",0,0,0,1
"4734",0,0,0,1
"4735",1,1,0,1
"4736",1,1,0,0
"4737",1,0,0,1
"4738",1,0,0,0
"4739",0,0,0,0
"4740",0,0,1,1
"4741",0,0,1,0
"4742",0,0,1,0
"4743",0,0,0,0
"4744",1,1,1,0
"4745",1,0,0,1
"4746",0,0,1,0
"4747",0,0,1,0
"4748",0,1,0,1
"4749",0,1,0,0
"4750",0,0,1,0
"4751",1,0,0,0
"4752",1,0,0,0
"4753",0,0,0,1
"4754",0,0,0,1
"4755",0,1,1,1
"4756",1,1,1,0
"4757",1,0,0,1
"4758",1,1,1,0
"4759",0,0,0,0
"4760",0,0,1,0
"4761",1,1,1,1
"4762",0,1,0,0
"4763",0,1,1,0
"4764",0,1,1,1
"4765",0,1,0,1
"4766",1,1,0,0
"4767",0,1,1,1
"4768",0,0,0,0
"4769",1,0,1,0
"4770",0,0,1,1
"4771",0,0,1,0
"4772",0,1,0,1
"4773",0,0,0,0
"4774",0,1,1,0
"4775",0,1,1,1
"4776",0,0,1,0
"4777",0,0,1,0
"4778",1,1,1,1
"4779",0,1,1,1
"4780",0,0,1,0
"4781",1,0,1,0
"4782",0,0,0,0
"4783",0,0,1,1
"4784",0,1,1,0
"4785",0,1,0,0
"4786",0,1,0,0
"4787",0,0,0,1
"4788",0,1,1,0
"4789",0,0,0,0
"4790",1,1,1,0
"4791",0,1,1,0
"4792",0,1,1,0
"4793",0,0,1,0
"4794",0,1,1,0
"4795",1,0,1,1
"4796",0,1,1,0
"4797",0,1,1,1
"4798",1,0,1,1
"4799",0,1,0,1
"4800",1,0,0,0
"4801",0,1,0,0
"4802",0,0,1,0
"4803",0,1,0,0
"4804",0,0,1,1
"4805",1,1,1,1
"4806",1,0,0,0
"4807",0,1,0,0
"4808",0,1,1,0
"4809",1,1,1,0
"4810",0,1,0,0
"4811",0,1,1,0
"4812",0,1,0,1
"4813",0,0,0,1
"4814",0,0,0,0
"4815",1,1,0,1
"4816",0,1,1,1
"4817",1,1,0,0
"4818",0,0,1,1
"4819",1,1,1,1
"4820",0,0,0,0
"4821",0,0,1,0
"4822",0,0,1,0
"4823",1,0,0,0
"4824",0,0,1,0
"4825",1,1,1,0
"4826",0,1,0,0
"4827",0,0,1,0
"4828",1,1,0,1
"4829",0,0,0,1
"4830",1,0,1,0
"4831",0,1,1,1
"4832",1,0,0,1
"4833",0,0,1,1
"4834",0,1,0,0
"4835",0,0,1,0
"4836",1,0,0,0
"4837",0,0,0,0
"4838",0,1,1,0
"4839",0,0,0,0
"4840",0,1,1,1
"4841",0,0,1,0
"4842",0,0,1,0
"4843",0,1,0,0
"4844",0,0,1,0
"4845",1,1,0,0
"4846",1,0,0,1
"4847",1,1,1,0
"4848",1,1,1,1
"4849",0,0,1,1
"4850",0,1,0,1
"4851",0,1,1,0
"4852",0,1,0,1
"4853",1,1,1,0
"4854",0,1,1,1
"4855",0,1,0,1
"4856",0,0,1,1
"4857",0,1,0,1
"4858",0,1,0,0
"4859",1,0,0,0
"4860",0,0,1,1
"4861",0,0,0,0
"4862",1,1,1,1
"4863",0,1,1,1
"4864",1,0,1,1
"4865",0,1,1,1
"4866",0,0,1,0
"4867",0,1,0,0
"4868",0,0,0,1
"4869",0,0,1,1
"4870",0,1,0,0
"4871",0,0,0,1
"4872",0,1,0,1
"4873",0,1,0,1
"4874",0,0,1,1
"4875",0,0,1,1
"4876",0,0,1,1
"4877",0,1,1,0
"4878",1,1,0,1
"4879",1,0,1,0
"4880",0,1,0,0
"4881",0,0,0,0
"4882",1,1,0,0
"4883",1,1,0,1
"4884",0,1,1,0
"4885",0,1,1,0
"4886",0,1,1,0
"4887",1,0,1,0
"4888",0,0,1,0
"4889",0,0,0,0
"4890",0,0,1,0
"4891",0,1,0,1
"4892",0,1,1,1
"4893",1,0,0,1
"4894",1,1,1,1
"4895",0,1,0,1
"4896",1,1,1,1
"4897",0,0,0,1
"4898",0,0,0,1
"4899",0,1,0,0
"4900",0,1,1,0
"4901",0,0,0,1
"4902",0,1,1,0
"4903",0,0,1,1
"4904",1,0,0,1
"4905",1,1,0,0
"4906",0,1,0,0
"4907",1,0,0,1
"4908",0,1,0,0
"4909",0,1,0,0
"4910",0,1,1,0
"4911",0,1,0,0
"4912",0,0,0,1
"4913",0,1,0,1
"4914",0,0,0,1
"4915",1,0,1,1
"4916",0,1,0,1
"4917",1,1,1,1
"4918",0,1,0,1
"4919",0,0,0,1
"4920",0,0,1,0
"4921",0,1,0,1
"4922",0,1,1,0
"4923",0,0,1,1
"4924",1,1,0,0
"4925",1,0,0,0
"4926",0,1,1,1
"4927",0,0,1,1
"4928",0,1,1,1
"4929",0,1,1,1
"4930",1,0,0,0
"4931",0,1,0,1
"4932",0,1,1,1
"4933",0,1,0,1
"4934",0,0,0,1
"4935",1,0,0,1
"4936",1,1,1,1
"4937",1,0,1,1
"4938",0,1,0,1
"4939",0,0,1,0
"4940",0,0,1,1
"4941",1,0,0,0
"4942",0,1,0,0
"4943",0,1,0,0
"4944",0,1,1,1
"4945",0,1,1,1
"4946",0,1,0,1
"4947",0,0,1,1
"4948",1,0,0,1
"4949",0,0,1,0
"4950",0,1,0,0
"4951",0,0,1,1
"4952",1,1,1,1
"4953",0,0,0,1
"4954",1,0,1,0
"4955",0,0,0,1
"4956",1,1,0,1
"4957",0,0,0,1
"4958",0,0,1,0
"4959",0,0,1,1
"4960",0,0,1,1
"4961",1,1,0,0
"4962",0,1,0,1
"4963",0,0,0,1
"4964",0,1,0,0
"4965",0,0,1,0
"4966",1,0,1,1
"4967",1,0,0,0
"4968",0,0,1,0
"4969",0,0,1,0
"4970",1,0,0,0
"4971",0,0,0,0
"4972",0,0,0,0
"4973",1,0,1,1
"4974",0,1,0,1
"4975",0,0,1,1
"4976",0,0,0,0
"4977",0,1,1,1
"4978",1,0,1,0
"4979",0,1,1,0
"4980",1,1,1,1
"4981",0,1,0,0
"4982",1,1,1,1
"4983",1,0,1,1
"4984",0,0,0,1
"4985",0,1,1,0
"4986",0,0,0,1
"4987",0,0,1,0
"4988",0,0,1,1
"4989",0,0,1,1
"4990",0,1,0,0
"4991",1,0,0,0
"4992",0,0,1,1
"4993",0,1,0,0
"4994",1,0,0,0
"4995",0,1,1,0
"4996",0,0,1,0
"4997",0,0,1,1
"4998",0,0,0,1
"4999",0,0,0,0
"5000",1,0,1,0
