X,Y
-1.69146502716467,0.270142809502621
2.92580545367673,-5.34227569465255
-0.909228669013828,2.48790156192822
-0.713718049228191,1.81959924534404
-2.8740842230618,-5.54721231317152
1.49836123036221,0.461841766350372
-2.02225175779313,-0.890535136674656
-1.08575226087123,1.13457343816765
0.587341587524861,2.95022421882411
0.527983891312033,3.74903307463266
-2.89382923208177,-6.08572002534832
2.75276757124811,-5.1795770626077
-0.891320780385286,1.92254680067821
-0.271474630571902,2.59495374031116
2.88601810019463,-5.49075681394003
-1.91486960230395,-1.61365286162904
2.08693408453837,-1.88497819214205
2.13150777714327,-2.37257926091613
1.09139093337581,0.66824690536455
-0.0482218852266669,2.4238426830092
-2.81937431031838,-5.60029908036984
-0.679980738088489,2.19200794817157
-2.35417349729687,-2.5203775523042
-0.0784802497364581,2.19718837155487
2.26236474746838,-1.92761342792527
1.60612295754254,0.27898541819164
0.00878780800849199,2.04733306075636
-1.21893402468413,1.12029348515211
-0.228132739663124,1.57777303503146
0.477237960789353,3.12075366327083
2.78230224363506,-4.89772634372817
0.887275939341635,2.58189939293767
-2.44163388200104,-2.80644607667268
1.80196627182886,-0.875125208653147
-0.652554923202843,1.52152732886756
1.32276013400406,0.956654124585825
-1.62932797148824,-0.742504073606966
2.56261717714369,-3.73595746102102
-2.14620975684375,-1.81282083911807
-0.663670394103974,2.39033722395037
-0.819915475789458,1.75731423360538
2.21753807505593,-1.97587950473363
1.73850961402059,-0.0738944060445351
2.4390804762952,-3.0347226378939
2.67471772665158,-4.78514874768306
-2.52754914946854,-3.85960152740571
2.55680961487815,-4.02512496600552
-1.95628312742338,-1.61416648427538
-0.306270629167557,1.84935360833385
2.93244287045673,-6.12927754421558
-1.2301871990785,1.84177260243918
1.16718898247927,1.29044464623848
0.913907701615244,0.951052606869507
-0.758779011201114,2.83148008512407
1.86214914685115,-1.21147783696713
-0.735976839903742,2.25948570293987
-1.77142889192328,-0.260035017967803
1.81843028683215,-0.375400747290422
1.60909860441461,-0.939235442282356
-2.41813569143415,-2.83629150199783
-1.48168445331976,0.497969915391813
-1.00038913730532,2.2243091701425
0.845445003826171,2.93300923022609
-2.66709905862808,-5.09745729385089
2.06528678862378,-1.43572622599838
1.07225015759468,0.993289627751958
-0.559508435893804,2.37067854205921
0.603373917751014,2.16253159318839
2.47239825921133,-2.69193741829386
-0.451272280421108,1.78844006387693
-0.635363564360887,1.91845234922905
-0.203244846314192,3.06822022783719
2.07664012117311,-2.8039038495069
-1.19900406477973,0.169289513750249
-0.660891934297979,2.83834618777458
2.20059720659629,-2.29100039915184
-1.39056325145066,1.45464958444734
1.76237954199314,-1.18137556245623
-1.14723891019821,1.67526118637478
-2.32388000143692,-2.82644191159775
-0.366500796284527,3.16936985772608
-1.97430501971394,-1.65807450103336
2.33359391894192,-2.9481415158698
-1.18692236859351,0.360453146886945
-1.49060514662415,-0.0566073279332949
-0.967798080760986,1.96384577288255
-2.32077225437388,-3.70758354349033
1.68847734946758,0.438253610441957
2.08263112138957,-2.01250861496521
1.15826151100919,1.46412661257144
1.36237994721159,1.38453360920209
-0.873833604622632,0.942935907110619
-1.29122597258538,0.30485425988305
-2.0055693006143,-2.12046395431979
-1.88170025730506,-0.972043949159903
0.18145088525489,2.27840840778903
-2.96530487202108,-6.14410186252075
-1.52577503398061,0.506873798712344
1.33313467819244,0.933345952032253
-0.788894455879927,0.749666552089122
-1.45911356247962,-0.403451460356158
0.505049055442214,1.77056326918116
-1.47455250564963,-0.0930283042144944
-1.42412658641115,1.14568295895998
2.57725402945653,-3.88299422290713
-0.370628436561674,2.13243236807871
1.26439914666116,0.61426350923605
1.94237333117053,-0.816606136683802
-0.942462993320078,2.24374693693748
-0.952348352875561,0.912333734679115
-0.939716455992311,1.03311223767781
-1.69635391468182,-0.378476696400391
-0.649160878267139,1.68807374334499
0.508813422638923,2.21183531634243
-0.510121097322553,3.08599910903446
1.73311654804274,-0.17292868407084
-2.19610812747851,-2.02416996261811
-0.0365925477817655,2.14170437743708
-0.680202648974955,1.93411978238371
-1.40670733060688,1.18943411316136
-0.30639325780794,3.57228740517305
1.05714446213096,0.554275211209404
-0.955137019045651,1.6004745981428
2.9286417234689,-6.17893370080046
-2.62601190526038,-2.9774670494079
1.38282282510772,1.15617598368431
0.217680879402906,2.02744950095596
0.0252259746193886,2.9324714573735
2.04797998722643,-2.4213043262919
-0.160579802468419,2.78851112324258
-1.32274064328522,0.587413982415121
-1.03718548687175,0.769531872335249
-1.22734054271132,1.01780899712004
-1.05602766154334,1.67100737237693
2.96653475705534,-6.058582031867
0.977849110029638,1.56596294359259
1.19799136184156,1.99500099973255
-2.84039615280926,-5.85018262944874
0.293346561491489,3.38834285484794
-2.79038395173848,-6.07204454070706
-0.347129011061043,2.54237636183276
-2.21065082866699,-2.43377696654058
-0.0387479946948588,2.9347706607391
0.313040517736226,3.11833986794975
2.84740085341036,-5.50858319706832
1.62936687888578,-1.10914079506362
0.56089419638738,1.90912863967959
2.29289390752092,-2.99933396030738
-0.455552801024169,2.14913375695484
1.9981848760508,-1.35764792115358
1.5156997279264,-0.539372874254482
-0.440699085127562,2.25948851216139
-1.5652800234966,-0.262400377600172
-2.04615377867594,-1.11676173905866
0.699913475196809,1.62678961493077
0.143388882279396,2.04445979763311
0.329474190250039,2.33742032093678
-0.910329212900251,2.13868036546361
-1.68763514561579,0.312272709972095
-2.12693201797083,-1.98690468347547
1.39261778304353,-0.249821711943236
1.58801100309938,-0.335785557468766
2.17360276915133,-2.46377626064944
0.655676714144647,2.3649323207831
-2.23688490595669,-2.33318704075341
-0.160589272622019,2.76230187009421
-1.11560897855088,0.453319807541383
0.604876079130918,2.80499891824578
-2.67993764486164,-4.33567572074737
2.39737663418055,-2.54015546824911
1.31196753541008,0.0861002448957673
1.5777886826545,-0.211804858283034
0.242283391300589,1.49997941890087
0.655077127274126,2.34900575215284
-0.567412563599646,3.1793425729091
-2.39550196006894,-3.22798271848405
0.910786722321063,1.66369027814087
0.504278546199203,1.89672560810594
2.01348590059206,-1.74370353392395
-2.33582442020997,-2.76384598901657
0.426565944682807,3.68733578276213
2.4284692411311,-3.39474005845001
-2.51270831655711,-4.25280815443028
1.64063954679295,-0.645658683003258
-2.4053225456737,-3.93316566215762
1.64202824793756,-0.124420966150003
2.82213322632015,-5.92041727181888
0.948622689116746,1.95947369384935
-0.836713492870331,1.60236579981857
-2.34830769477412,-2.77418819852424
1.52045980514959,0.474341248861777
0.0854297569021583,2.59915954841625
0.953119225334376,0.849434259550358
-0.376581994816661,2.12009264203192
2.55162549437955,-4.82064402401195
-0.508945712819696,1.37886249008852
-0.0685957171954215,2.59307327265451
-0.177827660925686,1.40316677827778
-1.0130851068534,0.738634354613018
-1.65617803903297,-0.341337229912429
-0.480321440845728,3.07491436748138
-1.95855788514018,-1.72848814752675
-1.07252121018246,1.85790323334634
-2.73375533893704,-4.64134740359774
-1.16174569632858,1.90354390421502
0.214560384862125,1.49773461885026
2.61546530993655,-3.97910871422922
-2.06572693353519,-1.94452875181159
0.934519351925701,2.33903380246724
1.72318653389812,0.0103207325232736
0.757757721003145,2.16090568233548
-1.63852260634303,0.243016419449977
-2.91008333070204,-5.94386771348025
1.37793335923925,0.218321446588925
-1.20438174856827,1.17176307209281
-0.404975394252688,2.32911763828676
-2.53926576348022,-3.87350576469702
-2.97164000663906,-6.38891677448636
0.512600316200405,2.73821534468718
2.78878066968173,-4.99059769623514
1.38897544518113,1.09628165673085
0.78396281786263,1.58171599153236
0.000515718944370747,2.49831016899999
0.880712402053177,1.69028961745029
-2.99739942792803,-6.54815428505939
0.554593353532255,2.34928604620486
2.76883420022205,-5.09592765242166
2.92983262985945,-6.28854449964154
2.46083637652919,-3.19326650289438
-1.73742205370218,-1.00673137984125
-1.3299507452175,0.0419687198235946
-1.60659645264968,-0.309239354439726
-1.71570306736976,-0.374928041648943
0.170884484890848,2.42971853133213
-1.49716319236904,0.501711518893223
1.62792110396549,-0.080120059603883
-2.86574126640335,-5.72892699141982
-0.263061943463981,2.71082431360773
-2.29695686744526,-3.22455300369235
2.72708966955543,-4.41513569871719
-1.42288581188768,-0.035456620014395
-1.12193301413208,2.00737714966008
2.27786503918469,-2.92161531560463
-1.07199727697298,1.6888725941685
2.68953259941191,-4.89793323248935
0.967125103343278,1.73287484473777
-0.255985862575471,1.722789052072
-1.71906215138733,-0.741601594121404
2.92536546383053,-5.60403758633061
2.30186287499964,-2.36284707318282
1.00553488126025,2.11535791862178
0.334652507677674,2.27928464773546
0.356095698662102,2.52170110344209
-0.884011294227094,1.9426424926228
-1.93290002038702,-1.85376489632957
-0.460532625205815,2.11466073430891
1.9087028237991,-0.410324961904641
-2.16044889623299,-2.26931569799756
-2.07557910913602,-2.58655708897593
-0.978681648150086,1.56184744155264
-0.961537222377956,1.99232801484074
0.659544553142041,2.3839530711283
-1.4415673376061,0.606189138322463
2.14115564525127,-2.58553715864933
-0.284443784505129,2.95923069918699
1.02595244860277,1.84543589551995
-2.64845446217805,-4.88726758331639
1.74497570749372,0.691787639318416
0.589448306243867,2.29210396868446
0.132876806426793,2.62085341211258
-2.81687028938904,-4.8511060718481
2.00625398335978,-1.37764013280422
2.08999638492242,-1.6256801045328
-1.10458630509675,1.27287993920449
-2.79086379334331,-5.20551946151897
-0.654957577586174,2.51400871741119
-2.33135824045166,-2.82464658044756
-1.23861007299274,0.397023180130076
0.242919662967324,2.44518284409019
2.27838172204793,-3.07031424903258
-2.58539444720373,-4.32959427796052
-1.32475426839665,0.636136950268614
1.19186557782814,1.32837617252575
0.842305441852659,0.860135519728795
1.19007750274614,1.09043597234919
0.821055062580854,2.61036586273427
-0.830167564563453,2.13633628591589
-2.03253961913288,-0.911350484780959
-0.24993360741064,2.61303660695215
-1.33420277852565,1.09680397064622
-0.517605136614293,2.91122982968056
1.80829309299588,-0.0560382338385742
-2.15404374618083,-1.6075893908124
-1.14535358548164,0.726442326370766
-2.32278975192457,-2.56314222978325
0.337673647329211,2.48841575968117
-1.83307753270492,-0.538048537927045
0.925401538610458,0.729638476160103
-2.02145368466154,-1.08629481656801
1.93697343813255,-1.10588560623228
2.73403191240504,-4.0846868111516
1.82383015472442,-1.3306247454603
-1.37898491509259,-0.0300100328390537
-2.06288817711175,-2.08955242494355
1.67770934896544,0.66777280086577
0.93863829318434,1.80828090665909
-2.5963387414813,-4.3408747084382
-2.38740159245208,-2.859165528903
0.990055298432708,1.22733513624649
-2.39592679683119,-2.60077442512963
1.16252625687048,1.34593723307779
1.31149154948071,1.0442185102434
-0.937509689480066,1.57013811261383
1.03523797821254,1.55087432883751
-2.61570422071964,-4.32312853048068
2.20728219905868,-3.36058335267394
0.74998452141881,1.56194568085292
-1.81563849980012,-0.957504812810081
-1.80663576163352,0.1560314244677
-0.968406597152352,2.36213082671711
2.53784846747294,-3.42277411714909
-2.7897621919401,-5.74016075751724
0.270950353704393,2.23178543343479
-1.52470178157091,1.01234801863125
-2.70943328272551,-5.05522182615648
-1.36052266974002,0.998743717095988
-1.42422346444801,0.178879659215539
-2.81796403834596,-5.27404957358663
0.949941962957382,1.30750557281296
-0.652789423707873,2.29413074355965
0.918464788701385,1.66746647792595
-0.0362505563534796,3.17641779600959
1.95675820671022,-1.09993501444513
-2.77728250483051,-5.07669898524916
-1.74967568088323,-1.0073198627766
0.554192449897528,2.46362721967067
2.57663346966729,-4.33374487308019
-2.73777891369537,-4.56816304970977
2.98287019366398,-6.43707700789179
-2.76445304090157,-4.33101357780503
-1.20175595395267,1.48735220564314
-0.928802768234164,1.94500993424267
1.40085347788408,0.317806822295762
-2.70537505019456,-4.46278313641109
0.754574767313898,2.27042996440355
-0.330588685814291,2.92235551423773
1.35976621136069,0.502635710251776
2.89864810556173,-5.72820556779062
1.83838799642399,-0.825752316742672
1.29765932634473,0.395382853861846
-0.593816954176873,1.83434880928646
1.46462137810886,-0.205879654441166
0.651470499113202,2.96574048676617
-2.19059879751876,-1.69317036116966
-1.40698853926733,0.778924162803993
0.147428071126342,2.61679187419424
1.63588215596974,-0.266989013302701
-2.7799689034,-5.46854731189656
2.64099908480421,-4.5674468300201
1.74663911992684,-0.898903713919775
2.94743841513991,-6.42626345635097
2.11581591982394,-2.12000768015582
1.00305676180869,0.586659242012976
-1.20190810644999,1.61515614671769
0.596058681607246,1.45647836339793
2.37350515136495,-2.51809882293799
1.39063621452078,1.46106280270708
2.3756815851666,-3.21978806591874
-2.9916183273308,-6.96075599100967
0.568580376449972,1.09246969952404
-1.95276355789974,-0.790187037386696
1.60448782006279,0.2333026221104
-1.07728163385764,0.767861403063096
2.45795408030972,-3.77430428574191
-2.56548540433869,-5.13829159490878
-1.71380533324555,-0.130573662739459
1.8283976954408,-0.725776295694323
0.368533839471638,2.68556354366354
1.12415470182896,1.04708733227357
1.20273615466431,1.2073000310575
1.04284113552421,1.29035666399715
-1.93212981009856,-0.952996392220356
2.0553656341508,-1.40543232862514
1.97927993629128,-1.16930227319833
0.0604859632439911,2.49300597594989
-0.428790557663888,3.12759702516952
1.9390489384532,-1.38361424487431
2.37241152394563,-2.76003671935496
2.15545934066176,-2.61523384378441
1.61953761940822,-0.461811708310901
-1.21057208580896,0.8022923418634
-0.640736930072308,2.32368294584272
-0.303348761983216,1.74440534014593
-0.0790584934875369,2.51568914515862
-1.00414100429043,1.95093602956193
2.57744894083589,-4.21679491280534
0.171660017687827,2.21112521016446
2.24351331777871,-2.38451166557435
-2.91878552595153,-6.46659145254081
-2.83036207035184,-5.38118832079857
2.56373103009537,-4.90975794119451
0.226942403241992,2.9534333101735
-2.45270757609978,-3.80325194777041
-1.89916360471398,-0.950597770827235
1.32472957391292,0.708838865716892
1.85273494245484,-0.690178591417072
0.521981273777783,3.34863382632435
2.96871135570109,-6.19394930964868
-2.3114725202322,-2.69494260977719
1.37452767323703,0.878468260013986
-1.4701652219519,0.573592106561411
-0.507744538597763,2.50676851956906
-0.669728511013091,2.16263865351948
-0.450639002490789,2.97581929444992
-1.16271585272625,0.825509746434072
-0.711042679846287,2.78916598588358
-1.45409880531952,0.48247699790248
-1.3399203652516,0.0303081773703897
-2.83131473790854,-4.86653566765701
1.59632912417874,1.14174311248017
-0.459180431440473,1.65642558569116
-2.41221430292353,-3.54887901650617
-1.46798043278977,-0.223523496378389
-2.53890476329252,-3.82447854107871
-1.27869168296456,1.28777076085167
2.26952475635335,-2.74462248064718
-0.724855110514909,1.18631718173394
-0.0136351729743183,2.00348547805607
1.72365976776928,-0.710631703382101
-0.372366192284972,2.03394996591397
-2.38616997934878,-2.74215821528053
2.46933658048511,-3.65990435628886
2.6645178697072,-4.66969793854824
-2.31980167189613,-2.20666363749295
-0.567060856148601,1.73976733412728
-0.436360438819975,2.68385245689562
0.721519810147584,2.31315760540385
2.79822083842009,-4.75997872609316
-2.98601509490982,-6.22078802234287
0.583040335681289,2.25522207512069
-0.94993832660839,1.69829070364463
-2.29676145175472,-3.34008821668802
-2.34980628127232,-2.63726851417406
2.66972876619548,-4.85846039593766
-2.19907200196758,-1.88964143429764
-0.402725507039577,2.11060654630185
1.26423656148836,1.55052653800272
1.97186684282497,-1.52262501482147
-2.07496212981641,-1.89885248191307
0.546729323454201,1.24610581787683
0.0545258447527885,1.63559659897572
2.42711886484176,-4.04188486633437
-2.43272161530331,-3.83727697779315
-0.859369930811226,0.0834560167273453
0.884359819348902,2.0851856314172
-1.83192111924291,-0.236048030514787
0.905210374854505,2.20840646044097
-0.149516591336578,2.30135055755089
0.848551742266864,1.23160235290082
1.31022681947798,0.131055101249719
1.68855590885505,-0.524064551668452
-1.48731945874169,0.535951369158628
-0.27700098278001,2.30367407344678
-0.572630664333701,1.94943916592881
1.20807262184098,1.08498775669051
-2.49311365792528,-3.32998667054755
-1.55244221398607,-0.293970692967517
-1.94426214694977,-1.55347008817788
1.55895813647658,0.517983627113023
2.89302533213049,-5.96988492050565
0.646004940848798,1.82518611752757
-2.55495167523623,-4.66443140197507
-2.95712756831199,-6.92241683890738
-0.241476378869265,2.10220175525395
1.87634965544567,-0.763010800897341
2.20852720644325,-2.21896159529724
1.65149276889861,-0.0240823504626771
0.28243352053687,2.9156881824877
2.26798464450985,-2.5407950373831
0.0904005761258304,3.09875594344809
-1.73103342857212,-0.601500662286473
-0.181898652110249,2.81651842129371
1.69750847993419,-1.02863669350714
2.81900867354125,-5.40344075883553
-0.543593882583082,1.51127603330306
-1.4565808433108,-0.0699257916839571
-1.9697125707753,-0.401601179641537
-2.59195056231692,-5.03766326795222
2.98185402620584,-7.09939915927963
-0.683985971845686,1.71789788957681
-0.160775739233941,2.95796946263243
-1.26446831412613,0.223921524292026
2.68064259923995,-4.47847577038237
-0.116516275797039,1.81410616674903
-1.37243999401107,0.717365501304728
-2.38802956463769,-3.47124737656452
0.810293429531157,2.50499769182563
-1.1375446356833,0.896186993799659
0.788384273182601,2.12052069960377
-2.23418383765966,-2.01059003113576
-0.08461435418576,2.08195852810592
-1.56409869901836,-0.0026120555179285
2.73065291438252,-4.85494169403859
-1.64692880725488,-0.662044416658178
-1.33854182856157,0.43553706164771
2.41024178266525,-2.78155232479695
-2.92165657505393,-6.03656230899092
1.6601425493136,-0.268814918564187
-0.730718077160418,2.55060949190117
1.34245777828619,0.869020766924357
2.40829182509333,-3.61588471120769
-1.99655864713714,-1.74480317853852
-2.71196500724182,-4.80091710716137
-1.27417106134817,0.266296730785559
1.84061187040061,-0.990500228875181
-1.35717315366492,0.0638012432186718
1.31456801947206,1.26480028259396
-2.51061414554715,-4.21661658624838
-2.26181073999032,-2.37695708564589
-1.37486393703148,0.161917410700325
-2.52751694479957,-4.13574629056029
-0.143216790631413,2.01302385706918
2.5580624146387,-4.42615484966655
1.023896262981,1.33655315126012
1.25438427971676,1.09818824610241
-1.43394568562508,-0.613913277183017
-0.000912818592041731,2.77859993607412
-1.07660094369203,2.09421312805848
-0.531001002062112,2.41744840904212
2.82469676015899,-6.19860045722304
0.206622288096696,2.20242392410717
-0.864120821468532,1.87993385613484
2.98102657170966,-6.50446813312056
-0.570350387133658,3.25927184688076
2.1977446381934,-2.8845320124895
-0.602658182848245,1.88470552036449
-0.44604886835441,3.36582702977176
1.65008699242026,-0.32143890316624
1.83795973844826,-1.30839451763797
-2.49226664705202,-2.93029108148111
1.91813411470503,-0.672208514555921
1.1157066305168,1.57814625296797
-1.84606103226542,-1.45920189026006
2.84537398489192,-6.00942549933575
2.51257292367518,-3.1847734768916
-0.57924402365461,2.91493652203867
-1.12382635194808,1.23734782989962
-0.0486954585649073,2.05755749013654
2.39564038580284,-4.49874956365184
-0.604300369508565,2.13112809258845
0.650797798298299,2.03203644646981
-2.73172188084573,-5.41002338229453
-1.01908932672814,0.742703396119386
0.893823070451617,1.19410112550694
1.17245650850236,1.23878962498263
1.62704621767625,-0.178855389571765
-0.0319074271246791,2.05292219481022
1.46710845222697,1.26780067729358
-1.14112408272922,1.10319968623298
-1.68138772342354,0.757236624358467
-1.9643455054611,-1.06765290862034
-0.981423550285399,1.00389370895946
-0.844498663209379,1.79981341351223
-2.35952237946913,-2.83565807746333
-0.834237410221249,2.08512860583348
2.47403981024399,-3.53211937320686
-2.52381051471457,-3.23402885549482
-1.05794351594523,1.45345410500963
1.24976135697216,0.631757194106599
-0.45099582709372,2.46592582720011
1.48042812058702,0.167320496804139
0.807369416579604,2.11967643460061
2.24762628832832,-2.12057314045993
-2.4336999328807,-3.56087095115016
-0.315006357617676,2.17707073164367
2.873718816787,-6.15420851375129
1.20976236881688,1.35803462553529
0.777035888750106,0.959710259548466
0.19957366771996,2.07336015241712
1.96198058640584,-1.9186523226426
1.53629477787763,0.580790129417858
2.07034896500409,-2.39477814728344
-2.62181230355054,-4.52194820888439
1.16566193383187,0.84735246772483
-0.609022489283234,1.66846132131959
-0.172926594503224,2.97434286782459
-1.64510054793209,-0.0650329062186388
-2.90894864872098,-6.32361705915097
-0.494807663373649,2.23537387107629
-2.69170859595761,-5.23628924749171
2.07796320319176,-1.59834496295262
0.191694160457701,2.78083103210203
1.17587318597361,-0.318052194255366
-2.48760077403858,-3.95745616057907
-2.42061408609152,-2.53776839716664
2.69224205799401,-4.78916657730597
1.06844007689506,2.04796999527197
2.98037347057834,-6.60555882208625
2.68251490127295,-4.93995077476789
-0.928598910570145,1.78696665476821
1.20671491697431,1.41361540260049
-1.60191463585943,-0.690470787348412
-2.03285406902432,-2.39980953201077
-1.11303106416017,1.00522980340466
-2.78141013951972,-5.56434706612964
-2.34028347255662,-3.37424129206001
-0.270240775309503,1.10197022620183
-0.600901277270168,1.72439428286586
0.332119384780526,2.80970030509091
-1.52261629421264,1.10644628447533
-2.54509488260373,-4.09295747429715
-1.94125793175772,-0.935258061681269
0.665812839288265,2.36823270431075
2.02366750733927,-1.33853660297362
2.03612089203671,-1.63075305675588
-2.48957367707044,-3.91532045076574
-2.60084340814501,-4.47334221155565
0.892872126773,2.53112688655063
-1.61502830218524,0.0555172131343073
2.75713321566582,-5.8867486564379
2.05203921021894,-1.5207015329041
2.95208625029773,-6.26305843868229
1.40893545560539,-1.00780006028527
-2.06654724664986,-2.35309916334204
-1.44936799351126,0.568111989431631
1.52459066966549,0.868217638362929
-2.33069307776168,-3.01762341592158
-2.97654998861253,-6.36732266564096
1.48333996720612,0.829490095170477
1.14641431672499,1.24418233536919
1.97226806497201,-1.39772676781002
0.911063576582819,2.08877263792423
2.30121581023559,-2.45203448709494
-0.818294633645564,2.20035119574399
1.28885029815137,0.979978781077949
-1.57355161104351,-0.358822358833689
0.832123710773885,1.85031931946383
-2.14435885800049,-1.72568456474377
-1.28044793196023,0.3517900850472
0.127492165658623,3.26490775370583
1.74184071924537,-1.07528111954224
1.63310618977994,-0.457904128426127
1.73887740494683,-0.234327942392123
-2.15292815538123,-2.2228745363393
2.07146480167285,-1.23619629743088
2.17848739447072,-2.04534842577455
0.772272267378867,1.73683370109125
0.748373572714627,1.10209750671858
-1.18713113246486,1.86361057479622
2.72603534068912,-4.75689866507353
-2.66483999742195,-4.43491224706349
0.311920969281346,2.6795706271949
-0.697198641020805,2.07688128661413
-2.71196695324034,-4.27431939786332
-2.05594956642017,-1.04650748114814
-0.566713197156787,1.80433365272945
-2.31304367724806,-2.91072116517636
0.8131805495359,1.88160202478765
0.0509853707626462,2.66742238969111
-0.532731983810663,1.65003625365751
2.8990527628921,-6.08385489580293
-0.599630615673959,2.87438706253246
-1.61198198469356,-0.259404858036263
1.83641304541379,-0.763203982306096
-1.61953851208091,0.613729307568688
-1.9812133172527,-1.12584939357838
0.607779390178621,2.03714318233973
-2.01675210753456,-1.83227058558387
-2.37034291774035,-3.39422948901707
1.57228849176317,0.468493281078586
-1.74556784285232,-1.38643636590115
-0.0800762521103025,3.31263044770875
-0.762763706501573,2.04130287344519
2.16503470949829,-1.92326049646807
-1.01089474372566,1.33765394753631
0.953323566354811,1.5921030675254
1.48775321803987,-0.254376231573257
1.35798433469608,-0.123376410900367
-0.499564858619124,2.30529193431078
-2.35047890385613,-3.0514318060906
-0.963158690370619,1.00164286715681
2.26525737158954,-3.4393185925607
2.90939334081486,-5.32167626394192
-0.496478278655559,2.68395983955228
-0.213072387501597,2.88043464409074
-2.45087968418375,-3.79565120836815
0.701507446356118,2.61448080961163
1.33197177993134,0.107785860317865
-2.92804423766211,-6.28205404569428
0.505439396481961,1.80016145198872
1.82803972950205,-0.321149573484854
1.82858129125088,-1.08017956381544
1.5906451405026,0.131962694696747
-2.29490034235641,-2.75928254124179
-1.51078852917999,-1.03355509310631
0.942513509653509,1.34685775122504
2.51483011431992,-3.05185234714652
0.230753755196929,2.64526874646172
-0.505918742157519,2.34022163629086
1.32100041070953,0.888897364449374
2.52505750441924,-4.43282690323779
-1.44580120453611,0.551386582724048
1.1829357650131,1.87618249167151
0.548090654890984,1.53049454609451
-2.30668971827254,-2.49413385263918
-2.67550722649321,-4.33154554598925
-1.40881752083078,0.436177419839398
-0.121448029763997,2.47530837415643
0.486346038524061,2.17805627112807
-0.863372754771262,1.64697223165367
-2.93286203686148,-6.14482871888678
0.471904701087624,1.90817436394119
2.18090616725385,-2.87386374992964
0.338093661703169,2.84332839903614
1.30309656215832,0.132800801855448
0.383686363231391,1.63715011612213
-2.19513018988073,-0.969587651310496
-0.449701694771647,2.0877740194147
0.20702994056046,1.50313711963127
2.3937882212922,-3.0176513218117
2.16628934349865,-1.8964871255838
1.28806893434376,0.842926142791408
-1.6731466348283,-0.831056339287061
2.02860481850803,-1.90346210554014
2.65687996521592,-4.06742035430103
-2.20647787721828,-2.35576049008001
2.86869509378448,-5.84119063504622
-0.270212021190673,2.77721887317621
0.219225756358355,2.84058657848952
1.01448040595278,1.62952884336471
-2.06060268217698,-2.15706239643146
2.06506525352597,-1.87122989389442
-0.940512971486896,1.53302962393942
0.936837020795792,2.17669210368881
2.4327240223065,-3.18680027143688
-0.495367371942848,2.75470309562347
-1.49001769954339,0.806747818603992
-1.51233909325674,0.50561687327248
0.999126634094864,1.56437658957566
-2.85879988828674,-5.08200349863852
0.171795900911093,2.68715856662348
-0.563237297348678,2.7594535740362
-1.16400496289134,1.98412420881718
-2.43089390220121,-3.85172749557788
-1.25971864303574,0.188908461656774
0.37002671090886,2.58358528372576
1.4797344552353,0.30285902199047
-0.334730217698962,2.66739695083415
0.460820585489273,1.85469992858117
2.62788836052641,-4.8835930562818
1.28259208565578,1.50404312801891
-2.99143544398248,-7.26151649768846
-2.89960424462333,-5.2335711010368
2.73832759307697,-5.36136726311508
1.85718645527959,-1.8282541439139
-0.106255029793829,1.61217459534321
-0.441166362259537,1.37200099467177
2.38826776016504,-2.45897197207529
0.324100480880588,3.13997076574195
1.19424782367423,1.11181325140934
2.91956680733711,-5.72461982917396
-1.26445833966136,0.496462821178629
-2.03597575379536,-2.29910417920073
-0.840840211138129,1.8420431581725
1.31381361326203,1.53553464904457
-2.13943989062682,-2.68950726145386
2.94498894084245,-6.25661734397509
0.352655785158277,2.28306865203361
-2.5417543714866,-4.51650345695896
0.0832036603242159,1.79884341338916
-2.36907289596275,-3.90881429110304
2.74590103654191,-6.11996011835607
-1.55987207125872,-0.149161355091903
0.972090588882565,1.35123424979749
1.42294820956886,0.753526067808314
2.75194540014491,-4.45301607541177
2.35003481386229,-3.84872203871786
2.88244530698285,-6.07765052760864
1.20887981168926,0.461050224830116
-1.76981672085822,-0.924725676112343
1.80470755370334,-0.898059592835972
2.90603318950161,-5.70624572571768
-1.40930441301316,0.258004287043999
-0.995764559134841,0.495998313093183
0.814432522282004,1.37692630007752
-2.72379465820268,-5.20035443386618
-2.14187331637368,-2.05326371966864
-2.13422851916403,-1.3217179027029
1.33898685174063,0.970694871389218
1.39921934204176,-0.0767793685454266
0.376372877508402,3.09467067928666
0.21927505871281,1.76427431315107
-0.836013893131167,2.18093378072193
1.34945485834032,0.250892919378361
0.781729985028505,1.89119305542223
1.8656608290039,-1.16999399262868
0.633045303169638,2.66781071916325
2.36599658243358,-3.77722812047156
2.21353830909356,-1.97996494015254
2.29077849956229,-2.80281608248196
2.56469344720244,-3.10895789723093
1.72574036428705,-0.584313453285862
2.75131990481168,-4.77078436095434
2.76805036235601,-4.0071173902872
1.74309598188847,-0.646882259827073
-1.31578649394214,0.896795576681537
0.390882355626673,2.9331664911352
-2.30787386745214,-2.99783716593427
0.516814269125462,2.6387632906861
1.77618329320103,-0.174246454208994
1.86381998006254,-1.05636172174493
2.07308172248304,-1.6066554366301
1.27474463917315,1.56469589895651
0.599141771905124,2.06651847352077
-1.30277997208759,0.309592166138851
-0.621899468824267,2.49748138815386
-2.02710724063218,-1.52609835179451
0.983388220891356,1.57745540334532
-0.222789748571813,2.94579748671613
-1.64011738076806,-0.931885991567072
1.29836228583008,0.341250786745768
2.71717112883925,-5.20622731179396
-2.18467783229426,-1.9302618573075
-0.153212335892022,2.0171796758284
1.90539345005527,-1.53136281489062
1.91098542278633,-1.57628124146446
-2.5634585483931,-3.10473775328206
-2.69651489378884,-4.98637719129522
-2.78036812506616,-4.28131806484061
-2.2065315451473,-2.91063095189756
0.922729596029967,1.4059816887967
0.525422561913729,1.77173580156801
1.76758917840198,-0.325638144996855
1.70883087767288,-0.797282966614376
2.36654655262828,-3.51501346178627
-1.98761800350621,-2.32182061812433
-2.94677559938282,-6.75048195704684
-0.569083822891116,2.3679889053037
1.4779639178887,-0.404281071210459
-0.84911125106737,1.38936650610467
-1.65857321117073,0.805852792345898
1.50285521987826,0.766511877808727
0.810081751551479,1.9900161143512
0.146141208708286,2.76118135977782
-2.35032388614491,-2.21601695191292
-2.86050234222785,-6.10743723578462
-2.89393398351967,-5.90194054247439
1.44642790826038,0.852052983740945
-0.875269645359367,2.25424737933237
-1.77400642074645,-0.899396067553743
-2.85303990030661,-6.27354813034892
-1.06236559990793,1.44819316474307
0.407303974963725,2.79739054467028
1.78815597714856,-1.25580855025565
-2.73616483295336,-5.07905468051339
-2.77573263365775,-4.47216252213685
-0.610679636243731,2.47700188754537
-2.16704474575818,-1.96963176150239
-1.09135238220915,0.942900166755614
-2.88251704769209,-6.25764798517087
2.75503192283213,-5.05640027700981
2.3386392686516,-2.79893278918268
-2.6193132516928,-4.58994588704008
-1.41255761962384,0.52916873766967
-0.469186076894403,1.8069794732405
2.29376227967441,-2.70693426231741
1.46593619696796,0.603686320695673
-0.504460432101041,1.51001636130824
1.44821368250996,0.672050445901578
2.70656633377075,-4.51136336140038
-0.58660008944571,1.86851369067069
-2.33773034345359,-3.00102018761912
0.336692824959755,1.3676690841607
-2.59638574719429,-4.08343434271857
0.924938899464905,1.80903440188027
1.84402675414458,-0.117673556677531
-1.68110208213329,0.391945061061194
-2.78135370556265,-4.87438985116344
-0.366871375590563,2.19876700834017
-2.06625806540251,-1.32320661947866
2.93008881853893,-6.02636853427096
2.12919448222965,-1.73645862767402
-2.78642558399588,-5.73779283582685
-0.559579222463071,1.37186606906078
2.22770911362022,-2.41853318111847
2.17535227630287,-1.64934534193722
-2.05977513687685,-1.71992686692239
1.312734070234,0.00665858108970008
-2.20207416359335,-2.46200074364488
0.72495533991605,2.22366093057498
-2.93994134059176,-6.43650483999254
2.87974128685892,-6.05411975035678
-2.57409253902733,-4.62356324254362
2.22688856581226,-2.1364934562808
-1.67622464429587,-0.537781697565009
1.78992531169206,-0.137159850948558
2.89828127995133,-6.02190682908359
-1.01404433744028,1.22476096648266
-0.949741300195456,1.10957866130567
2.12916380586103,-2.69875556126833
-2.87905000057071,-4.62816600448836
-2.3041202025488,-2.09409845427414
-0.124735764227808,3.02748574616268
-0.801247611176223,1.44055906137925
-0.478494433220476,1.36737113050211
0.726749990601093,1.34726501214856
-2.52321838634089,-3.50939672922637
1.0183097133413,2.40581620696608
2.48572328221053,-3.08683471254938
-1.47230783896521,0.304626061332183
0.162588665261865,1.89967466355086
-0.546131488401443,2.33396498515046
0.049606871791184,1.68895238840075
0.0145587818697095,2.40033422236752
-0.797314401715994,1.84862700704246
2.04169712774456,-2.2242982048436
1.032926147338,1.71135583767601
-1.24389141239226,0.787370868542015
0.220072584226727,1.73923365068823
-2.05942996311933,-0.621570847284531
2.77489179745317,-5.40661748869701
0.711218456737697,2.0575666283665
0.30822247127071,1.23797682876134
1.77867265697569,-0.918584069383053
-2.66521962778643,-4.58265965046358
-0.733742098789662,2.21321924993838
1.67170506482944,-0.446373847076743
-2.55452139442787,-3.93982533279658
-2.26310825161636,-3.53812287441181
-0.642758353147656,2.48459535979722
-0.542502968106419,1.72435554005394
-1.63151341443881,0.569512354891824
1.45120810065418,0.296489566364843
0.897704124916345,1.43510983447268
-0.834376411512494,1.8014989102109
-2.60499059502035,-4.73801188383212
-2.84542331518605,-5.93091434706296
0.179595253430307,1.9670447574321
-2.5052892412059,-3.62662077828881
-1.80212536174804,0.47113451760005
0.173852856270969,2.47422981439043
2.60680237691849,-3.48892163287046
0.346679123584181,1.89386932158831
2.98427502159029,-6.7471630714172
-0.823756116908044,1.71651625297386
2.24034449458122,-1.48063681870929
0.323805313557386,2.45693844285946
-1.05007905419916,0.61677656627478
-0.4707853468135,2.8448487111808
0.678497338201851,1.15678683897786
-1.44654061552137,-0.509360084179268
2.90019967406988,-6.17273256184117
1.05450058914721,1.67197816897864
-1.87766835093498,-0.436820956754222
-1.95740365376696,-1.70047708428201
-0.2182543175295,2.55589384347629
1.51638328889385,-0.275428447391796
-1.04191299341619,0.606285203538286
1.38198271673173,0.40957715916311
-1.7630494851619,-0.444393027189163
2.1160182072781,-1.13036930911842
0.517337929923087,2.18186646144083
-1.29919777298346,0.997286696953673
2.14192780153826,-1.69121862758592
-0.125511281657964,2.70046807860701
-0.299953202717006,1.69021615031294
1.5588221331127,-0.20079242066016
2.81359488330781,-4.89972927863408
-2.08490901673213,-1.68829854770426
0.757827864959836,1.2404496849761
0.632091226056218,1.51501865776193
-0.465865212958306,1.2376605410973
0.778201825451106,2.23044676140422
0.266810174100101,2.17167991686576
-2.95868094870821,-5.77556239704855
2.92344590323046,-4.72293443756313
0.731736233923584,1.70669005031578
-2.36823911871761,-2.72239741249847
-2.18775320285931,-2.17074349291498
0.585553298704326,2.08786922050805
-2.70628002332523,-3.82543286830173
-1.50283284159377,0.905624817946128
1.53009269060567,0.738165037935869
0.748861282132566,2.23739899187339
0.404151721391827,2.38301760968513
-0.499940302222967,2.07051033657115
-2.88037591148168,-6.34259459978201
-0.00219253124669194,2.5616467537584
0.934669325128198,1.50180529358228
-0.0805583749897778,2.59810621936162
1.02095836959779,1.43980074613888
-1.81341481022537,-0.660617130324054
1.95537176169455,-1.87571018404739
-0.677003504242748,1.73318329114391
0.829401465598494,1.97589338333014
2.38823448261246,-2.88475002559196
1.82941007846966,-0.645611322427223
2.18494088435546,-3.54586311309204
0.735507746692747,2.69669081775454
-0.384420827496797,1.74504253416317
