"","X","M","Y"
"1",-1.69146502716467,1,0.0392901722015633
"2",2.92580545367673,1,6.44792292227049
"3",-0.909228669013828,1,-0.970255937869051
"4",-0.713718049228191,1,-2.38994638719029
"5",-2.8740842230618,1,5.7148226981661
"6",1.49836123036221,0,1.8103398755643
"7",-2.02225175779313,0,-1.09047250476751
"8",-1.08575226087123,1,-0.846625297058433
"9",0.587341587524861,1,-0.485913059183408
"10",0.527983891312033,1,-1.37880570370411
"11",-2.89382923208177,1,5.74221723165831
"12",2.75276757124811,0,-5.09484279547614
"13",-0.891320780385286,1,-1.0978730797679
"14",-0.271474630571902,1,-3.14668427623049
"15",2.88601810019463,0,-5.53439681748216
"16",-1.91486960230395,1,0.47816601832259
"17",2.08693408453837,1,3.34107259403333
"18",2.13150777714327,1,1.7164590071684
"19",1.09139093337581,1,-0.331204354765708
"20",-0.0482218852266669,0,2.10201116188523
"21",-2.81937431031838,0,-5.44368027030589
"22",-0.679980738088489,1,-2.47055638345275
"23",-2.35417349729687,0,-3.30707592033375
"24",-0.0784802497364581,1,-2.22400743318815
"25",2.26236474746838,1,3.46163058519356
"26",1.60612295754254,1,-1.5357951409753
"27",0.00878780800849199,1,-1.44272123580661
"28",-1.21893402468413,0,3.02076528350144
"29",-0.228132739663124,1,-1.54913450662763
"30",0.477237960789353,1,-3.21162126952236
"31",2.78230224363506,0,-5.25097238684571
"32",0.887275939341635,1,-0.959464107004844
"33",-2.44163388200104,0,-3.19747343749847
"34",1.80196627182886,0,1.92206037715974
"35",-0.652554923202842,0,1.46527103664039
"36",1.32276013400406,1,-0.754500816452693
"37",-1.62932797148824,0,2.47486360679005
"38",2.56261717714369,1,4.36970315536848
"39",-2.14620975684375,0,-2.46681335533362
"40",-0.663670394103974,1,0.00266230906373455
"41",-0.819915475789458,0,3.34179854743957
"42",2.21753807505593,1,3.56337019101697
"43",1.73850961402059,1,-0.0801054327803385
"44",2.4390804762952,0,-3.77565834071647
"45",2.67471772665158,1,6.41061335705226
"46",-2.52754914946854,0,-1.88758438102264
"47",2.55680961487815,0,-3.53660840826824
"48",-1.95628312742338,1,0.946901150284162
"49",-0.306270629167557,1,-4.42551171283387
"50",2.93244287045673,0,-5.6066071301392
"51",-1.2301871990785,1,-0.575491013743954
"52",1.16718898247927,1,-1.53310777518543
"53",0.913907701615244,0,0.727265616869522
"54",-0.758779011201113,0,1.41029602571765
"55",1.86214914685115,1,1.69448722374285
"56",-0.735976839903742,0,2.39518610089097
"57",-1.77142889192328,0,-1.03007976170866
"58",1.81843028683215,1,3.14710448384725
"59",1.60909860441461,1,0.399926035564216
"60",-2.41813569143414,0,-0.678777620511964
"61",-1.48168445331976,1,0.777389531619213
"62",-1.00038913730532,0,0.93339336199004
"63",0.845445003826171,1,-1.25923993415605
"64",-2.66709905862808,1,5.57679295203943
"65",2.06528678862378,1,2.82757084415619
"66",1.07225015759468,0,2.02778681846875
"67",-0.559508435893804,0,3.95813162754167
"68",0.603373917751014,0,2.78133709125814
"69",2.47239825921133,0,-3.72543186517625
"70",-0.451272280421108,1,-1.45770720241141
"71",-0.635363564360887,1,-1.87833730702471
"72",-0.203244846314192,0,3.50173515130411
"73",2.07664012117311,0,-0.449932609816668
"74",-1.19900406477973,1,-0.838340428334957
"75",-0.660891934297979,1,-2.01062237721343
"76",2.20059720659629,1,2.0507307140882
"77",-1.39056325145066,1,0.576785385366466
"78",1.76237954199314,0,-1.97899158612769
"79",-1.14723891019821,1,-1.45746328039858
"80",-2.32388000143692,0,-3.53898726349681
"81",-0.366500796284527,0,3.74766071422667
"82",-1.97430501971394,0,-2.11474693164756
"83",2.33359391894192,1,3.14956367085191
"84",-1.18692236859351,0,1.00345571435134
"85",-1.49060514662415,1,-0.699356869312931
"86",-0.967798080760986,1,-0.0548739250532089
"87",-2.32077225437388,1,3.66862966984725
"88",1.68847734946758,0,-0.574225396175771
"89",2.08263112138957,0,-1.3769353981612
"90",1.15826151100919,0,0.676442108235432
"91",1.36237994721159,1,0.29525134229692
"92",-0.873833604622632,0,2.87157019794344
"93",-1.29122597258538,1,-3.2034843772482
"94",-2.0055693006143,1,1.48371112040309
"95",-1.88170025730506,0,1.10241245489416
"96",0.18145088525489,1,-2.04907413318854
"97",-2.96530487202108,0,-4.41396459765697
"98",-1.52577503398061,1,-0.11787614159959
"99",1.33313467819244,0,0.734622771367847
"100",-0.788894455879927,1,-1.07912035452137
"101",-1.45911356247962,1,0.868564975109549
"102",0.505049055442214,0,1.4962448780614
"103",-1.47455250564963,1,-1.36032264020644
"104",-1.42412658641115,1,-0.483727559496578
"105",2.57725402945653,0,-4.29844773616294
"106",-0.370628436561674,1,-2.65726368228852
"107",1.26439914666116,1,-3.05129419223911
"108",1.94237333117053,0,-1.60186090186093
"109",-0.942462993320078,0,2.95177068789797
"110",-0.95234835287556,0,3.94264594252952
"111",-0.939716455992311,1,-1.34783200802012
"112",-1.69635391468182,1,1.54406519571831
"113",-0.649160878267139,1,-0.955511271583734
"114",0.508813422638923,1,-1.22772174636825
"115",-0.510121097322553,1,-1.70970600560149
"116",1.73311654804274,0,-0.43837968350702
"117",-2.19610812747851,0,-2.24080246330576
"118",-0.0365925477817655,1,-0.341965942809294
"119",-0.680202648974955,1,-1.20965709634018
"120",-1.40670733060688,1,-1.59110466103722
"121",-0.30639325780794,1,-1.52579639682613
"122",1.05714446213096,0,1.78595516721502
"123",-0.955137019045651,1,-4.1331151592952
"124",2.9286417234689,1,5.41197906303105
"125",-2.62601190526038,1,5.23349766666224
"126",1.38282282510772,1,1.29738766242687
"127",0.217680879402906,0,2.78162864835163
"128",0.0252259746193886,1,-2.01430931206789
"129",2.04797998722643,1,3.25379713504302
"130",-0.160579802468419,1,-1.85731788511679
"131",-1.32274064328521,0,1.23458629519827
"132",-1.03718548687175,0,2.76186522282283
"133",-1.22734054271132,1,0.193484244149509
"134",-1.05602766154334,0,2.62472018444954
"135",2.96653475705534,1,7.08255620906307
"136",0.977849110029638,1,-1.80932649044635
"137",1.19799136184156,1,-0.479318317961135
"138",-2.84039615280926,0,-4.32266961061089
"139",0.293346561491489,0,1.89662177787795
"140",-2.79038395173848,0,-3.22391858609933
"141",-0.347129011061043,0,1.79695739303778
"142",-2.21065082866699,0,-2.46871368894319
"143",-0.0387479946948588,1,-1.4197652188221
"144",0.313040517736226,0,2.72645584604331
"145",2.84740085341036,0,-3.99815136572478
"146",1.62936687888578,0,0.746081378176582
"147",0.56089419638738,0,2.35187401256644
"148",2.29289390752092,1,1.58168349325901
"149",-0.455552801024169,1,-0.246689844552014
"150",1.9981848760508,0,-0.64400277165308
"151",1.5156997279264,1,0.630265594828822
"152",-0.440699085127562,0,3.35951495291235
"153",-1.5652800234966,1,0.576036015268288
"154",-2.04615377867594,1,3.34763600119853
"155",0.699913475196809,0,3.87096340426819
"156",0.143388882279396,0,2.2304346295609
"157",0.329474190250039,1,-2.01254698259734
"158",-0.910329212900251,1,-1.0855714622781
"159",-1.68763514561579,1,1.18815618016345
"160",-2.12693201797083,0,-2.65616056860475
"161",1.39261778304353,1,-0.419311657892165
"162",1.58801100309938,1,1.98966682153668
"163",2.17360276915133,0,-2.0463868761817
"164",0.655676714144647,0,2.7885058286482
"165",-2.23688490595669,0,-0.530385483132992
"166",-0.160589272622019,1,-1.37549745575663
"167",-1.11560897855088,0,1.56849454590792
"168",0.604876079130918,1,-2.16408797357279
"169",-2.67993764486164,0,-4.73347366301705
"170",2.39737663418055,0,-1.86624596129583
"171",1.31196753541008,1,-1.95759972983207
"172",1.5777886826545,0,2.14866818060895
"173",0.242283391300589,0,3.1875214491023
"174",0.655077127274126,1,-1.04264436359375
"175",-0.567412563599646,1,-1.95891872181233
"176",-2.39550196006894,1,3.74028742007985
"177",0.910786722321063,0,1.08853435887312
"178",0.504278546199203,0,1.18719323260242
"179",2.01348590059206,1,2.16383943643887
"180",-2.33582442020997,1,3.40271426481347
"181",0.426565944682807,1,-2.95940643485034
"182",2.4284692411311,1,2.28160758907996
"183",-2.51270831655711,0,-2.0279163888234
"184",1.64063954679295,0,1.16920291895714
"185",-2.4053225456737,0,-1.93390757591345
"186",1.64202824793756,0,-0.273936731071953
"187",2.82213322632015,0,-3.75124893329075
"188",0.948622689116746,1,-2.33624562799028
"189",-0.836713492870331,1,-1.71713250682474
"190",-2.34830769477412,1,2.62580990034489
"191",1.52045980514959,0,1.72936133923065
"192",0.0854297569021583,0,2.51976170643026
"193",0.953119225334376,1,-0.76733442689542
"194",-0.376581994816661,1,-1.84361592096831
"195",2.55162549437955,1,2.00864643715874
"196",-0.508945712819695,1,-2.27059532719361
"197",-0.0685957171954215,1,-0.450258314094806
"198",-0.177827660925686,0,3.36540940700811
"199",-1.0130851068534,0,2.16600938618605
"200",-1.65617803903297,0,0.524953202113162
"201",-0.480321440845728,0,1.65546830823613
"202",-1.95855788514018,0,-0.552493577920546
"203",-1.07252121018246,0,3.40073728534603
"204",-2.73375533893704,0,-5.81162242902011
"205",-1.16174569632858,0,2.30371414455214
"206",0.214560384862125,0,3.60755058730409
"207",2.61546530993655,1,4.68254724115988
"208",-2.06572693353519,1,2.24734376011266
"209",0.934519351925701,1,-1.29749610024413
"210",1.72318653389812,1,0.754141321277786
"211",0.757757721003145,0,2.3395052530131
"212",-1.63852260634303,1,-0.0535068468032667
"213",-2.91008333070204,0,-6.70360907075736
"214",1.37793335923925,0,2.01657110373564
"215",-1.20438174856827,1,-1.8877416993871
"216",-0.404975394252688,0,1.4047256129536
"217",-2.53926576348022,1,7.14588841601338
"218",-2.97164000663906,1,6.4106555964482
"219",0.512600316200405,0,0.829237947670711
"220",2.78878066968173,0,-4.35215617041934
"221",1.38897544518113,0,1.66339200102787
"222",0.78396281786263,1,-1.38130685538315
"223",0.000515718944370747,0,1.93672637873437
"224",0.880712402053177,1,-1.80079485660202
"225",-2.99739942792803,0,-5.00122174001383
"226",0.554593353532255,0,2.71799447736516
"227",2.76883420022205,0,-4.89000101620538
"228",2.92983262985945,0,-4.88345241984481
"229",2.46083637652919,1,4.83300869353011
"230",-1.73742205370218,0,0.298763282162982
"231",-1.3299507452175,1,-1.05318898056841
"232",-1.60659645264968,1,0.367681376518272
"233",-1.71570306736976,1,0.778825562331063
"234",0.170884484890848,0,4.07950990726829
"235",-1.49716319236904,0,1.22119416995582
"236",1.62792110396549,1,1.65031097835428
"237",-2.86574126640335,0,-4.15867187885394
"238",-0.263061943463981,0,3.51637122643116
"239",-2.29695686744526,1,3.40127209197073
"240",2.72708966955543,0,-3.2555514605364
"241",-1.42288581188768,1,0.457948830057923
"242",-1.12193301413208,0,2.89464596612219
"243",2.27786503918469,0,-0.51060561183417
"244",-1.07199727697298,1,-1.73578650180027
"245",2.6895325994119,1,3.78518464583652
"246",0.967125103343278,1,-0.623658933459678
"247",-0.255985862575471,0,2.91941739816347
"248",-1.71906215138733,1,1.51405721928234
"249",2.92536546383053,1,5.6918741781561
"250",2.30186287499964,0,-3.25416433708482
"251",1.00553488126025,1,0.309271569842566
"252",0.334652507677674,1,-3.51366866345262
"253",0.356095698662102,0,4.22146320219605
"254",-0.884011294227093,1,-1.94438254389563
"255",-1.93290002038702,1,-0.0221227396677188
"256",-0.460532625205815,1,-3.54098024772166
"257",1.9087028237991,0,-2.5098889618565
"258",-2.16044889623299,1,4.15724127757121
"259",-2.07557910913602,1,3.79805241317982
"260",-0.978681648150086,0,2.11826446309419
"261",-0.961537222377956,0,2.67394719664293
"262",0.659544553142041,0,1.75563641025625
"263",-1.4415673376061,0,-0.385930207169065
"264",2.14115564525127,0,-1.48643665951277
"265",-0.284443784505129,1,-0.395810014582013
"266",1.02595244860277,1,-2.17203000490312
"267",-2.64845446217805,1,4.84699607364931
"268",1.74497570749372,1,0.859809729421645
"269",0.589448306243867,1,-2.76452703824163
"270",0.132876806426793,0,1.59387627927482
"271",-2.81687028938904,1,4.34214241780725
"272",2.00625398335978,1,-0.134920186001269
"273",2.08999638492242,1,1.93616393619092
"274",-1.10458630509675,0,1.37227782017581
"275",-2.79086379334331,0,-4.23230536314752
"276",-0.654957577586174,0,3.81140539149631
"277",-2.33135824045166,1,1.78311442061573
"278",-1.23861007299274,1,-1.00416424680334
"279",0.242919662967324,0,1.78587128522378
"280",2.27838172204792,1,2.60607436999604
"281",-2.58539444720373,1,4.40208397074769
"282",-1.32475426839665,0,1.72259247389934
"283",1.19186557782814,0,1.06774287555313
"284",0.842305441852659,0,0.265612283269771
"285",1.19007750274613,1,-1.50326227060123
"286",0.821055062580854,0,1.76327439658488
"287",-0.830167564563453,1,-1.24210664729693
"288",-2.03253961913288,0,0.335209635275519
"289",-0.24993360741064,1,-1.41037187083971
"290",-1.33420277852565,1,-1.45783214857773
"291",-0.517605136614293,0,4.20473936697172
"292",1.80829309299588,1,-0.105364360774242
"293",-2.15404374618083,0,-0.880198440000245
"294",-1.14535358548164,1,-1.54432249607102
"295",-2.32278975192457,0,-2.39076258181603
"296",0.337673647329211,1,-2.26458383539771
"297",-1.83307753270492,0,0.776940909149219
"298",0.925401538610458,0,0.785055407569046
"299",-2.02145368466154,1,2.92584881057621
"300",1.93697343813255,0,-0.862165996881214
"301",2.73403191240504,0,-2.53754133626472
"302",1.82383015472442,0,-0.538623729994632
"303",-1.37898491509259,0,1.69635431926432
"304",-2.06288817711174,1,4.56547846777147
"305",1.67770934896544,0,-0.0317059751086944
"306",0.93863829318434,0,2.37513750321217
"307",-2.5963387414813,1,5.91288587466763
"308",-2.38740159245208,0,-3.04279711937423
"309",0.990055298432708,0,2.8315110649609
"310",-2.39592679683119,0,-1.77930394209885
"311",1.16252625687048,0,1.48345909475754
"312",1.31149154948071,1,0.102034867285592
"313",-0.937509689480066,0,3.50041517024539
"314",1.03523797821254,1,-1.07730365574165
"315",-2.61570422071964,1,3.85556421391331
"316",2.20728219905868,1,3.64057538123687
"317",0.74998452141881,1,-1.27139239117443
"318",-1.81563849980012,0,-0.20752756929004
"319",-1.80663576163352,1,2.25479829278275
"320",-0.968406597152352,1,-2.54599060033098
"321",2.53784846747294,0,-4.3866840198314
"322",-2.7897621919401,1,5.13635635078569
"323",0.270950353704393,0,3.61169665304831
"324",-1.52470178157091,0,-0.243408131329727
"325",-2.70943328272551,0,-5.14270594429492
"326",-1.36052266974002,1,-0.99780997584874
"327",-1.424223464448,1,1.96157642877947
"328",-2.81796403834596,0,-5.37129055915139
"329",0.949941962957382,1,0.800647425073946
"330",-0.652789423707873,0,1.49016698396028
"331",0.918464788701385,1,-1.64159923954307
"332",-0.0362505563534796,0,2.09429523743606
"333",1.95675820671022,0,-0.231435962313953
"334",-2.77728250483051,0,-5.46765810788984
"335",-1.74967568088323,1,0.232423236215234
"336",0.554192449897528,0,0.950480147951974
"337",2.57663346966729,1,3.50504898915193
"338",-2.73777891369537,1,5.87912398583511
"339",2.98287019366398,1,5.45770713498994
"340",-2.76445304090157,1,4.86291346093768
"341",-1.20175595395267,0,3.6692184054575
"342",-0.928802768234164,0,3.18749679716865
"343",1.40085347788408,0,1.33010665059589
"344",-2.70537505019456,0,-3.75397693689414
"345",0.754574767313898,0,4.04662775627393
"346",-0.330588685814291,0,2.04078394902433
"347",1.35976621136069,1,-0.20520913345048
"348",2.89864810556173,0,-4.51374748480577
"349",1.83838799642399,1,2.42035908823558
"350",1.29765932634473,0,0.81148569934229
"351",-0.593816954176873,1,-2.9148043401468
"352",1.46462137810886,0,1.00851188400813
"353",0.651470499113202,0,3.50216033416826
"354",-2.19059879751876,1,1.68210958840361
"355",-1.40698853926733,0,0.835469875525016
"356",0.147428071126342,1,-0.513206701012446
"357",1.63588215596974,0,1.02375258311608
"358",-2.7799689034,1,6.18112944110247
"359",2.64099908480421,1,4.24277654375507
"360",1.74663911992684,0,-0.948235125129492
"361",2.94743841513991,1,6.75499444867109
"362",2.11581591982394,1,2.81727868597372
"363",1.00305676180869,1,-1.45216508568298
"364",-1.20190810644999,1,-0.50644137079572
"365",0.596058681607246,0,1.69894414406476
"366",2.37350515136495,0,-2.52470443687649
"367",1.39063621452078,0,1.57144142741642
"368",2.3756815851666,1,2.17285637182732
"369",-2.9916183273308,0,-5.41103358420026
"370",0.568580376449972,0,3.30499227091775
"371",-1.95276355789974,1,1.23851222427808
"372",1.60448782006279,0,0.353544777439177
"373",-1.07728163385764,0,-0.198473433566829
"374",2.45795408030972,0,-2.72596904988102
"375",-2.56548540433869,1,4.91080809912209
"376",-1.71380533324555,1,2.5026509469078
"377",1.8283976954408,0,1.09306041053495
"378",0.368533839471638,0,3.58725997773159
"379",1.12415470182896,1,-1.06955297722009
"380",1.20273615466431,1,0.339005804461198
"381",1.04284113552421,1,-0.794378465546726
"382",-1.93212981009856,0,-0.139104572105158
"383",2.0553656341508,1,1.27727728868797
"384",1.97927993629128,0,-2.54755911565888
"385",0.0604859632439911,0,3.08465087582668
"386",-0.428790557663888,0,3.98176302581604
"387",1.9390489384532,0,-0.714417290569153
"388",2.37241152394563,1,2.08819507943568
"389",2.15545934066176,0,-1.8717452126051
"390",1.61953761940822,0,0.875540250217099
"391",-1.21057208580896,0,0.948015717315979
"392",-0.640736930072308,0,2.06703644420765
"393",-0.303348761983216,1,-2.90320121473813
"394",-0.0790584934875369,0,3.63882821113664
"395",-1.00414100429043,0,1.53559556466222
"396",2.57744894083589,0,-2.50989750164135
"397",0.171660017687827,0,2.72678793559293
"398",2.24351331777871,0,-2.5272582374957
"399",-2.91878552595153,0,-6.49613454929892
"400",-2.83036207035184,1,4.68011535112692
"401",2.56373103009537,1,6.8942425972696
"402",0.226942403241992,1,-0.518754238571966
"403",-2.45270757609978,0,-1.92968493977692
"404",-1.89916360471398,0,-1.44170880588048
"405",1.32472957391292,1,-2.05243544975032
"406",1.85273494245484,0,-1.68176564501865
"407",0.521981273777783,1,-1.01306695794066
"408",2.96871135570109,1,8.69878887197122
"409",-2.3114725202322,1,4.52687625813681
"410",1.37452767323703,0,1.05530654352677
"411",-1.4701652219519,0,-0.309166304591893
"412",-0.507744538597763,0,3.00664465907221
"413",-0.669728511013091,1,-3.16863726127687
"414",-0.450639002490789,0,2.5980168504282
"415",-1.16271585272625,0,1.61676637027144
"416",-0.711042679846287,1,-2.60596039424348
"417",-1.45409880531952,1,0.670987862692722
"418",-1.3399203652516,0,0.873886843514464
"419",-2.83131473790854,1,4.59167433113104
"420",1.59632912417874,1,2.78762852411955
"421",-0.459180431440473,1,-2.20233933363044
"422",-2.41221430292353,0,-2.69198120008715
"423",-1.46798043278977,1,-2.17907760783123
"424",-2.53890476329252,0,-3.95585269448966
"425",-1.27869168296456,1,-0.32347555216836
"426",2.26952475635335,1,3.65393605465001
"427",-0.724855110514909,0,2.17103302215973
"428",-0.0136351729743183,1,-1.82830563847175
"429",1.72365976776928,1,-0.86192483672907
"430",-0.372366192284971,0,3.65681073951981
"431",-2.38616997934878,0,-3.65647714942892
"432",2.46933658048511,0,-1.63492639495063
"433",2.6645178697072,1,4.90464451352732
"434",-2.31980167189613,1,2.86344485766109
"435",-0.567060856148601,0,2.67380779802274
"436",-0.436360438819975,0,1.90551780005758
"437",0.721519810147583,1,-2.14837017248173
"438",2.79822083842009,0,-5.83144143559487
"439",-2.98601509490982,1,7.21599295465574
"440",0.583040335681289,0,5.09764464107976
"441",-0.94993832660839,1,-1.08870791559245
"442",-2.29676145175472,0,-0.662119167391531
"443",-2.34980628127232,0,-3.49347808687205
"444",2.66972876619548,1,4.44492035119271
"445",-2.19907200196758,0,-2.04573688360314
"446",-0.402725507039577,0,4.91482543736192
"447",1.26423656148836,0,1.525282564491
"448",1.97186684282497,0,-2.44937367314734
"449",-2.07496212981641,0,-0.172492732262059
"450",0.546729323454201,1,-3.46679609302559
"451",0.0545258447527885,1,-3.83078759590664
"452",2.42711886484176,0,-3.41405480880299
"453",-2.43272161530331,1,4.48603378054484
"454",-0.859369930811226,1,-0.0838483633201599
"455",0.884359819348902,0,1.47981166891764
"456",-1.83192111924291,0,-0.148877405935075
"457",0.905210374854505,1,-2.13261451436631
"458",-0.149516591336578,1,-3.59390901013955
"459",0.848551742266864,0,1.9188667177125
"460",1.31022681947798,1,0.0445952383603307
"461",1.68855590885505,0,1.84310643149873
"462",-1.48731945874169,0,0.686890818004191
"463",-0.27700098278001,0,3.29367355609663
"464",-0.572630664333701,1,-0.878821963431551
"465",1.20807262184098,1,-0.108118219497376
"466",-2.49311365792528,1,2.77599185959982
"467",-1.55244221398607,0,0.0481912162777606
"468",-1.94426214694977,1,2.81332907354539
"469",1.55895813647658,1,0.747444591979838
"470",2.89302533213049,0,-6.74009005657738
"471",0.646004940848798,1,-2.75356166476058
"472",-2.55495167523623,0,-5.61839618730842
"473",-2.95712756831199,0,-5.07251377019146
"474",-0.241476378869265,1,-2.45595398671002
"475",1.87634965544567,1,2.47714914789175
"476",2.20852720644325,1,5.52479544470368
"477",1.65149276889861,0,-0.243172433019491
"478",0.28243352053687,1,-1.14791308462535
"479",2.26798464450985,1,3.37479551514487
"480",0.0904005761258304,1,-2.13034396357298
"481",-1.73103342857212,0,2.00056066186086
"482",-0.181898652110249,1,-0.638650144922595
"483",1.69750847993419,1,2.04023239901
"484",2.81900867354125,0,-4.35042547799955
"485",-0.543593882583082,0,2.79721813799646
"486",-1.4565808433108,1,-0.2374709621841
"487",-1.9697125707753,1,0.78770919479404
"488",-2.59195056231692,0,-3.59490459559168
"489",2.98185402620584,0,-6.14062935176421
"490",-0.683985971845686,1,-1.32297144803308
"491",-0.160775739233941,1,-2.00983768449244
"492",-1.26446831412613,0,1.65683216981232
"493",2.68064259923995,0,-5.29030766008978
"494",-0.116516275797039,1,-2.60338988567265
"495",-1.37243999401107,0,1.44400881177303
"496",-2.38802956463769,1,4.34051303827817
"497",0.810293429531157,1,-0.941164732500319
"498",-1.1375446356833,0,-0.837800688099919
"499",0.788384273182601,1,0.0968746886008145
"500",-2.23418383765966,0,-3.20593360690665
"501",-0.08461435418576,1,-1.7903199778535
"502",-1.56409869901836,1,0.535819962137996
"503",2.73065291438252,0,-4.33684365022937
"504",-1.64692880725488,1,2.56654307512003
"505",-1.33854182856157,1,-1.36993873069513
"506",2.41024178266525,0,-2.32535942624266
"507",-2.92165657505393,1,6.33894484898578
"508",1.6601425493136,0,-0.753044526804649
"509",-0.730718077160418,0,2.74393646095264
"510",1.34245777828619,1,-0.253375295664191
"511",2.40829182509333,0,-4.22446061793738
"512",-1.99655864713714,0,-1.30061981912342
"513",-2.71196500724182,1,3.92154995186061
"514",-1.27417106134817,0,1.45298292129701
"515",1.84061187040061,0,-0.342481778787478
"516",-1.35717315366492,0,2.09067959200921
"517",1.31456801947206,0,3.14150197036652
"518",-2.51061414554715,1,3.2282006287215
"519",-2.26181073999032,1,2.92278251855095
"520",-1.37486393703148,0,0.382803310320869
"521",-2.52751694479957,1,5.03659774668136
"522",-0.143216790631413,0,1.80009270525133
"523",2.5580624146387,1,4.86669461027961
"524",1.023896262981,1,-0.71452588240855
"525",1.25438427971676,1,-0.702358829722937
"526",-1.43394568562508,0,1.43775297604647
"527",-0.000912818592041731,0,3.42588599817882
"528",-1.07660094369203,0,0.163721590898558
"529",-0.531001002062112,1,-3.98438898392391
"530",2.82469676015899,0,-5.2951616595546
"531",0.206622288096696,1,-2.17979796979818
"532",-0.864120821468532,0,2.74095185458252
"533",2.98102657170966,0,-5.93239000119979
"534",-0.570350387133658,1,-1.86117852029556
"535",2.1977446381934,1,2.51564671920427
"536",-0.602658182848245,1,-0.474909271644695
"537",-0.44604886835441,1,-1.60019746461221
"538",1.65008699242026,0,1.79459974667989
"539",1.83795973844826,1,0.477634664327743
"540",-2.49226664705202,1,4.61525071497104
"541",1.91813411470503,1,0.415190490112221
"542",1.1157066305168,0,2.49843766737805
"543",-1.84606103226542,1,0.953084739282693
"544",2.84537398489192,1,6.62882099663711
"545",2.51257292367518,1,3.36777278709464
"546",-0.57924402365461,1,-2.19553846971482
"547",-1.12382635194808,0,-0.375213860090254
"548",-0.0486954585649073,0,3.10433214083559
"549",2.39564038580284,1,2.73596226683411
"550",-0.604300369508564,1,-2.71926139882947
"551",0.650797798298299,1,-1.85584824381047
"552",-2.73172188084573,1,4.62778121724747
"553",-1.01908932672814,1,-2.6800957699311
"554",0.893823070451617,0,1.86410342589999
"555",1.17245650850236,0,1.72055883387769
"556",1.62704621767625,1,0.89641181741154
"557",-0.0319074271246791,1,-2.15839823152279
"558",1.46710845222697,0,0.837349187602846
"559",-1.14112408272922,0,1.97760102026746
"560",-1.68138772342354,0,-0.843903555433568
"561",-1.9643455054611,0,-1.63525167245286
"562",-0.981423550285399,0,0.981130980341449
"563",-0.844498663209379,0,2.36789834750077
"564",-2.35952237946913,0,-2.72113808761086
"565",-0.834237410221249,1,-1.52494921520103
"566",2.47403981024399,0,-3.33525112987895
"567",-2.52381051471457,0,-2.72878724570939
"568",-1.05794351594523,0,1.0608143781397
"569",1.24976135697216,1,0.179273108721676
"570",-0.45099582709372,0,3.11428748182058
"571",1.48042812058702,1,-2.17242514218186
"572",0.807369416579604,0,3.31188570310172
"573",2.24762628832832,1,3.35055079644434
"574",-2.4336999328807,0,-3.01803439622483
"575",-0.315006357617676,1,-2.23064261597382
"576",2.873718816787,1,8.12417304091684
"577",1.20976236881688,1,0.574140137663879
"578",0.777035888750106,0,2.67116172621056
"579",0.19957366771996,1,-1.88532032263773
"580",1.96198058640584,1,1.13112045564156
"581",1.53629477787763,1,1.18130112813322
"582",2.07034896500409,1,2.9057474701877
"583",-2.62181230355054,1,4.90754526455799
"584",1.16566193383187,0,0.407721866610705
"585",-0.609022489283234,1,-2.72506603199377
"586",-0.172926594503224,1,-2.77759625082005
"587",-1.64510054793209,0,-0.243980562211986
"588",-2.90894864872098,1,4.34556553424566
"589",-0.494807663373649,1,-1.40199649851239
"590",-2.69170859595761,0,-2.17965860533445
"591",2.07796320319176,1,1.49230005904622
"592",0.1916941604577,1,-2.67740302819215
"593",1.17587318597361,1,-1.24861689207807
"594",-2.48760077403858,0,-2.94689467089694
"595",-2.42061408609152,0,-2.86661132486946
"596",2.69224205799401,0,-1.99038334927036
"597",1.06844007689506,1,0.414725166366728
"598",2.98037347057834,0,-5.68165884630058
"599",2.68251490127295,1,4.48760254353711
"600",-0.928598910570145,1,-1.18073172213199
"601",1.20671491697431,1,-1.84875047474451
"602",-1.60191463585943,1,1.26093373437002
"603",-2.03285406902432,0,-3.34795392293156
"604",-1.11303106416017,0,2.66296366082335
"605",-2.78141013951972,0,-4.32121140694683
"606",-2.34028347255662,1,4.82947118236064
"607",-0.270240775309503,0,4.20479393016134
"608",-0.600901277270168,0,3.06175367699426
"609",0.332119384780526,1,-0.206276353080869
"610",-1.52261629421264,1,-0.116137207741282
"611",-2.54509488260373,1,2.06055070803834
"612",-1.94125793175772,1,1.25096463614834
"613",0.665812839288265,0,1.22780330375553
"614",2.02366750733927,0,-0.96405935065805
"615",2.03612089203671,1,1.11677241324895
"616",-2.48957367707044,1,4.79438458336269
"617",-2.60084340814501,0,-4.04385604513566
"618",0.892872126773,1,-0.553572623479146
"619",-1.61502830218524,1,0.495941568704521
"620",2.75713321566582,0,-4.79044603617301
"621",2.05203921021894,1,1.93986405663718
"622",2.95208625029773,1,5.71472459928535
"623",1.40893545560539,1,0.59183644828129
"624",-2.06654724664986,1,3.21368446107589
"625",-1.44936799351126,0,0.59249153256926
"626",1.52459066966549,0,1.30998355020077
"627",-2.33069307776168,1,3.80457029454762
"628",-2.97654998861253,1,7.75555306601992
"629",1.48333996720612,1,-0.30382343453873
"630",1.14641431672499,0,1.40669660083093
"631",1.97226806497201,0,0.524705719125355
"632",0.911063576582819,0,3.98934245168944
"633",2.30121581023559,0,-1.42433698080789
"634",-0.818294633645564,1,-2.19435234546493
"635",1.28885029815137,0,1.0234966783724
"636",-1.57355161104351,1,0.742917840200981
"637",0.832123710773885,1,-2.1709284213099
"638",-2.14435885800049,1,3.36472709896421
"639",-1.28044793196023,1,-0.760297099384359
"640",0.127492165658623,0,2.37194762191976
"641",1.74184071924537,1,1.555854896289
"642",1.63310618977994,0,0.440489725933509
"643",1.73887740494683,0,1.80785115349834
"644",-2.15292815538123,1,2.0926691898325
"645",2.07146480167285,0,-0.754832904678584
"646",2.17848739447072,1,3.93776494443924
"647",0.772272267378867,1,-1.20340174903415
"648",0.748373572714627,0,2.04664776896549
"649",-1.18713113246486,0,1.20361464265353
"650",2.72603534068912,0,-4.88728262125874
"651",-2.66483999742195,1,6.25365346030834
"652",0.311920969281346,0,2.55798381211979
"653",-0.697198641020805,0,2.24259891268745
"654",-2.71196695324033,1,4.59174101079638
"655",-2.05594956642017,1,2.52987403872464
"656",-0.566713197156787,1,-2.59410866994949
"657",-2.31304367724806,0,-2.32070585376736
"658",0.8131805495359,0,1.55024255418183
"659",0.0509853707626462,1,-3.49352973551114
"660",-0.532731983810663,0,3.58242600703745
"661",2.8990527628921,1,7.5641394578607
"662",-0.599630615673959,1,-2.08650087754381
"663",-1.61198198469356,1,2.37159582421751
"664",1.83641304541379,0,-1.99498489256926
"665",-1.61953851208091,1,-0.898705983527223
"666",-1.9812133172527,1,2.17720678306469
"667",0.607779390178621,1,-2.2793657910182
"668",-2.01675210753456,0,0.759343967036149
"669",-2.37034291774035,0,-2.25792139340064
"670",1.57228849176317,0,0.439071076700178
"671",-1.74556784285232,1,-1.03159631626863
"672",-0.0800762521103024,1,-1.15270143806416
"673",-0.762763706501573,0,3.68006218825846
"674",2.16503470949829,0,-1.58266366047047
"675",-1.01089474372566,1,-0.0967234142498263
"676",0.953323566354811,1,-0.736241949243186
"677",1.48775321803987,0,0.328102374136362
"678",1.35798433469608,1,-2.49309297088172
"679",-0.499564858619124,1,-1.9591342432285
"680",-2.35047890385613,1,4.59388553817756
"681",-0.963158690370619,1,-1.44535877679001
"682",2.26525737158954,1,2.67796472314563
"683",2.90939334081486,1,5.88918705055446
"684",-0.496478278655559,1,-1.08524825207754
"685",-0.213072387501597,0,2.75430846639875
"686",-2.45087968418375,1,3.1720613578997
"687",0.701507446356118,1,-0.486861857165312
"688",1.33197177993134,1,-0.30107249917633
"689",-2.92804423766211,1,7.58579396385063
"690",0.505439396481961,0,3.88675197211257
"691",1.82803972950205,1,2.98777774160208
"692",1.82858129125088,1,2.91202464849114
"693",1.5906451405026,0,0.733236268682605
"694",-2.29490034235641,1,3.06174720735197
"695",-1.51078852917999,1,-1.09502961760737
"696",0.942513509653509,1,-2.48687358247861
"697",2.51483011431992,1,3.81560264447972
"698",0.230753755196929,1,-1.9907467042165
"699",-0.505918742157519,0,4.57923662382578
"700",1.32100041070953,0,1.73935708284157
"701",2.52505750441924,0,-2.20628525916511
"702",-1.44580120453611,1,-0.272000984157004
"703",1.1829357650131,0,1.14021495642977
"704",0.548090654890984,1,-2.03000780718615
"705",-2.30668971827254,1,5.09239975538814
"706",-2.67550722649321,1,4.80633810146357
"707",-1.40881752083078,1,1.56595330224413
"708",-0.121448029763997,0,3.26762953133416
"709",0.486346038524061,1,-2.34567277959897
"710",-0.863372754771262,1,-0.735831572403094
"711",-2.93286203686148,1,5.16352526462081
"712",0.471904701087624,1,-2.57762177045815
"713",2.18090616725385,0,-2.85441281772269
"714",0.338093661703169,1,-0.769709214926346
"715",1.30309656215832,0,0.014980706356962
"716",0.383686363231391,0,3.48798166476895
"717",-2.19513018988073,0,-2.2412426322732
"718",-0.449701694771647,0,1.86259625783488
"719",0.20702994056046,0,2.79382768854867
"720",2.3937882212922,0,-3.84040349756072
"721",2.16628934349865,0,-0.589628805925508
"722",1.28806893434376,1,0.0504289611945286
"723",-1.6731466348283,0,-1.83243752903858
"724",2.02860481850803,1,3.6036052999396
"725",2.65687996521592,0,-5.12919464334025
"726",-2.20647787721828,0,-2.12464806234926
"727",2.86869509378448,1,5.25417906584091
"728",-0.270212021190673,0,2.47972442197116
"729",0.219225756358355,0,2.24199694306337
"730",1.01448040595278,1,-1.7198664855021
"731",-2.06060268217698,1,2.52619948035979
"732",2.06506525352597,1,3.10200185645442
"733",-0.940512971486896,1,-0.258750857921741
"734",0.936837020795792,1,-1.71057656108794
"735",2.4327240223065,0,-3.53664598655253
"736",-0.495367371942848,1,-1.94449892279258
"737",-1.49001769954339,0,1.3085004797967
"738",-1.51233909325674,1,-1.57436781437565
"739",0.999126634094864,0,3.64578089812956
"740",-2.85879988828674,1,3.84132652053655
"741",0.171795900911093,1,-0.929034758247087
"742",-0.563237297348678,1,-2.32739763587497
"743",-1.16400496289134,1,-0.382040860509335
"744",-2.43089390220121,0,-2.42399440685976
"745",-1.25971864303574,0,3.07850448720106
"746",0.37002671090886,0,2.29873660211389
"747",1.4797344552353,0,-0.16915760262768
"748",-0.334730217698961,1,-2.02935657753975
"749",0.460820585489273,0,4.25190684660484
"750",2.62788836052641,1,6.62739618983339
"751",1.28259208565578,1,-2.93011431554228
"752",-2.99143544398248,0,-4.80138739181776
"753",-2.89960424462333,1,4.7222432233758
"754",2.73832759307697,0,-4.95088634821357
"755",1.85718645527959,1,2.84691622561321
"756",-0.106255029793829,1,-1.39036741695199
"757",-0.441166362259537,0,3.29192556143186
"758",2.38826776016504,0,-1.85830636700045
"759",0.324100480880588,1,-3.34665354708111
"760",1.19424782367423,1,-0.902010925928223
"761",2.9195668073371,0,-6.73879487120305
"762",-1.26445833966136,0,0.257684918731226
"763",-2.03597575379536,1,3.52268709254652
"764",-0.840840211138129,1,0.797013005260327
"765",1.31381361326203,1,-1.05621847093035
"766",-2.13943989062682,1,2.34563467239882
"767",2.94498894084245,1,4.69828467525614
"768",0.352655785158277,1,-0.784706423693071
"769",-2.5417543714866,0,-2.74839655308632
"770",0.0832036603242159,0,2.24631780857735
"771",-2.36907289596274,1,3.2691671299188
"772",2.74590103654191,0,-5.31710023392717
"773",-1.55987207125872,0,-2.09752041421198
"774",0.972090588882565,1,-1.17162963235132
"775",1.42294820956886,1,-1.7552696070977
"776",2.7519454001449,0,-6.29485130152707
"777",2.35003481386229,0,-2.32670578447807
"778",2.88244530698285,0,-4.73506581832576
"779",1.20887981168926,0,2.04454249031071
"780",-1.76981672085822,1,1.05557081727803
"781",1.80470755370334,0,0.379291664005948
"782",2.90603318950161,1,5.46563119272203
"783",-1.40930441301316,1,-0.169650088577215
"784",-0.995764559134841,0,2.04234766737626
"785",0.814432522282004,0,5.63546086709296
"786",-2.72379465820268,1,3.78971218693728
"787",-2.14187331637368,1,1.51839118274519
"788",-2.13422851916403,0,-1.9101333356287
"789",1.33898685174063,1,0.428338570386064
"790",1.39921934204176,1,0.330214140054096
"791",0.376372877508402,0,3.12987070372143
"792",0.21927505871281,1,-1.38251816810546
"793",-0.836013893131167,0,0.692711547536801
"794",1.34945485834032,1,-0.183119185421955
"795",0.781729985028505,1,-1.33994164157809
"796",1.8656608290039,0,0.113602286185574
"797",0.633045303169638,0,2.95304711049818
"798",2.36599658243358,0,-4.17802658057872
"799",2.21353830909356,1,0.688810674238235
"800",2.29077849956229,1,3.69761181682871
"801",2.56469344720244,0,-4.74093454135477
"802",1.72574036428705,0,1.16352784925962
"803",2.75131990481168,1,5.48693591156218
"804",2.76805036235601,1,5.20749422105258
"805",1.74309598188847,0,-0.582034304258384
"806",-1.31578649394214,1,-0.57982267712806
"807",0.390882355626673,1,-2.7810254443059
"808",-2.30787386745214,0,-0.487596719587946
"809",0.516814269125462,0,2.1183930078367
"810",1.77618329320103,0,0.041694907302303
"811",1.86381998006254,1,1.37338215308741
"812",2.07308172248304,0,0.756748715207873
"813",1.27474463917315,1,-0.371472153407848
"814",0.599141771905124,1,-2.02033913551422
"815",-1.30277997208759,1,-0.724823834139655
"816",-0.621899468824267,0,1.52781239619892
"817",-2.02710724063218,1,1.79554114506424
"818",0.983388220891356,0,2.9775256654814
"819",-0.222789748571813,1,-1.34695117351126
"820",-1.64011738076806,1,-1.20520264614491
"821",1.29836228583008,1,-0.974585295374025
"822",2.71717112883925,0,-3.36181714122356
"823",-2.18467783229426,1,2.60227562597742
"824",-0.153212335892022,0,3.4833012794898
"825",1.90539345005527,1,1.26223823959312
"826",1.91098542278633,1,1.41114050629263
"827",-2.5634585483931,1,5.3727430741107
"828",-2.69651489378884,1,5.1207734209354
"829",-2.78036812506616,0,-3.84839038926759
"830",-2.2065315451473,0,-2.55838859945682
"831",0.922729596029967,1,-0.544443320882231
"832",0.525422561913729,1,-2.55316950504539
"833",1.76758917840198,1,1.80622718478254
"834",1.70883087767288,0,-0.342280314183091
"835",2.36654655262828,0,-3.34488842230805
"836",-1.98761800350621,1,2.2573207158303
"837",-2.94677559938282,1,7.73606814889648
"838",-0.569083822891116,0,3.23805428310808
"839",1.4779639178887,1,0.403877571247211
"840",-0.84911125106737,0,1.7656159188137
"841",-1.65857321117073,0,1.11408181715419
"842",1.50285521987826,0,-0.390403648323752
"843",0.810081751551479,0,1.43526909410601
"844",0.146141208708286,1,-4.71964599709475
"845",-2.35032388614491,0,-1.36025700774512
"846",-2.86050234222785,0,-5.76365539641524
"847",-2.89393398351967,1,6.48235564639563
"848",1.44642790826038,0,1.94599994757095
"849",-0.875269645359367,1,-0.0365932781044636
"850",-1.77400642074645,1,1.69983097781166
"851",-2.85303990030661,0,-5.49998869496555
"852",-1.06236559990793,0,2.98645160810567
"853",0.407303974963725,0,1.30845043596061
"854",1.78815597714856,0,-0.270576020596953
"855",-2.73616483295336,0,-4.49536547463408
"856",-2.77573263365775,0,-3.97112720658714
"857",-0.610679636243731,0,2.9023084620764
"858",-2.16704474575818,1,3.89790751296391
"859",-1.09135238220915,0,0.693581731632937
"860",-2.88251704769209,1,6.66769205013733
"861",2.75503192283213,1,4.30625909302694
"862",2.3386392686516,1,3.24509336304719
"863",-2.6193132516928,0,-3.31568441683142
"864",-1.41255761962384,0,1.34893519238708
"865",-0.469186076894403,0,1.73046830992427
"866",2.29376227967441,1,3.2297818837035
"867",1.46593619696796,1,0.432626121463456
"868",-0.504460432101041,1,-3.10609243015742
"869",1.44821368250996,0,-0.12413365742665
"870",2.70656633377075,1,2.59998121148491
"871",-0.58660008944571,1,-2.26724501489322
"872",-2.33773034345359,1,4.24443472527117
"873",0.336692824959755,1,0.0350034310617073
"874",-2.59638574719429,0,-3.25510348353431
"875",0.924938899464905,1,-1.31178660401298
"876",1.84402675414458,0,-1.15427807721795
"877",-1.68110208213329,1,0.490332745373613
"878",-2.78135370556265,1,6.07217573327154
"879",-0.366871375590563,1,-1.71201701374317
"880",-2.06625806540251,1,1.84858052994808
"881",2.93008881853893,1,7.94836389149591
"882",2.12919448222965,1,1.77248848510225
"883",-2.78642558399588,0,-5.24017177257797
"884",-0.559579222463071,1,-1.87628315263655
"885",2.22770911362022,1,1.95873778923161
"886",2.17535227630287,0,-1.02562743509847
"887",-2.05977513687685,0,-3.58265687172209
"888",1.312734070234,0,1.04563152012669
"889",-2.20207416359335,1,3.74050663913752
"890",0.72495533991605,1,-0.222580897624497
"891",-2.93994134059176,0,-6.54191220955457
"892",2.87974128685892,1,4.5389986670805
"893",-2.57409253902733,1,4.00935228700668
"894",2.22688856581226,1,3.32650029213207
"895",-1.67622464429587,0,0.964654586477551
"896",1.78992531169206,0,1.33845099149737
"897",2.89828127995133,0,-3.89963235600364
"898",-1.01404433744028,0,1.25000418365564
"899",-0.949741300195456,0,1.1289187395652
"900",2.12916380586103,1,2.62601523336619
"901",-2.87905000057071,0,-4.99408018132644
"902",-2.3041202025488,1,1.38319337550634
"903",-0.124735764227808,0,3.13787963699864
"904",-0.801247611176223,0,1.8445740322768
"905",-0.478494433220476,0,4.1035901416871
"906",0.726749990601093,1,-2.13210609217148
"907",-2.52321838634089,0,-5.02079501631285
"908",1.0183097133413,0,0.760385528306104
"909",2.48572328221053,1,1.57885515704629
"910",-1.47230783896521,1,-0.922369922903431
"911",0.162588665261865,1,-1.00058059985813
"912",-0.546131488401443,1,-1.33327013541404
"913",0.049606871791184,1,-1.01203314716588
"914",0.0145587818697095,1,-2.44066232108058
"915",-0.797314401715994,0,2.08924707224329
"916",2.04169712774456,1,1.65349847639068
"917",1.032926147338,0,1.3049696679295
"918",-1.24389141239226,0,0.17734738535148
"919",0.220072584226727,0,3.12051767934736
"920",-2.05942996311933,1,0.19056487904806
"921",2.77489179745317,0,-5.35110901485246
"922",0.711218456737697,0,4.52764666044043
"923",0.30822247127071,1,-1.70306199931646
"924",1.77867265697569,1,1.98460051265644
"925",-2.66521962778643,0,-3.16580206641611
"926",-0.733742098789662,1,-0.585321873482059
"927",1.67170506482944,0,0.08022229277013
"928",-2.55452139442787,0,-2.71525619034157
"929",-2.26310825161636,1,1.34907520465106
"930",-0.642758353147656,1,-1.58830946343137
"931",-0.542502968106419,1,-1.19726340892242
"932",-1.63151341443881,0,0.254805015946965
"933",1.45120810065418,0,1.02331319120799
"934",0.897704124916345,0,4.72409959672397
"935",-0.834376411512494,0,2.92863786017109
"936",-2.60499059502035,1,6.69117815542974
"937",-2.84542331518605,1,6.37905611556005
"938",0.179595253430307,1,-1.38630762858144
"939",-2.5052892412059,0,-2.5915296908422
"940",-1.80212536174804,1,0.180850496489678
"941",0.173852856270969,0,2.3446118412368
"942",2.60680237691849,0,-2.79733704687224
"943",0.346679123584181,0,4.36114009994959
"944",2.98427502159029,0,-6.19837635524655
"945",-0.823756116908044,0,2.76569231340093
"946",2.24034449458122,1,4.38885770389663
"947",0.323805313557386,0,2.49307280732075
"948",-1.05007905419916,0,2.46467239666263
"949",-0.4707853468135,1,-2.25991221751517
"950",0.678497338201851,1,0.989200507110954
"951",-1.44654061552137,1,-0.370433614518011
"952",2.90019967406988,0,-6.31473308699448
"953",1.05450058914721,1,-2.43315332947946
"954",-1.87766835093498,0,-1.88970747523098
"955",-1.95740365376696,1,2.28333464797701
"956",-0.2182543175295,1,-1.10829480925197
"957",1.51638328889385,1,2.85382301077367
"958",-1.04191299341619,1,-1.17436996525487
"959",1.38198271673173,1,1.64789960954329
"960",-1.7630494851619,1,1.61360057741649
"961",2.1160182072781,0,-0.921006140654902
"962",0.517337929923087,1,-1.01877362332536
"963",-1.29919777298346,1,-0.850643845517548
"964",2.14192780153826,1,4.43019466715046
"965",-0.125511281657964,0,3.44344933789687
"966",-0.299953202717006,1,-2.19618769638851
"967",1.5588221331127,1,0.967215396484528
"968",2.81359488330781,0,-5.08234588443964
"969",-2.08490901673213,0,-1.27285120009993
"970",0.757827864959836,0,1.25755440353275
"971",0.632091226056218,0,2.42140767343144
"972",-0.465865212958306,1,0.719386290126411
"973",0.778201825451106,1,0.0735619429445051
"974",0.266810174100101,0,4.06315793401205
"975",-2.95868094870821,0,-5.48843358162904
"976",2.92344590323046,0,-4.95380455539692
"977",0.731736233923584,0,0.335343085922108
"978",-2.36823911871761,1,3.61922808322604
"979",-2.18775320285931,0,1.33542417350415
"980",0.585553298704326,1,-0.931206750326076
"981",-2.70628002332523,1,4.48321051975296
"982",-1.50283284159377,0,2.2859429603624
"983",1.53009269060567,0,0.375124494008053
"984",0.748861282132566,0,1.942660215893
"985",0.404151721391827,1,-3.71424244284056
"986",-0.499940302222967,1,-0.897139630992264
"987",-2.88037591148168,0,-5.09020305706814
"988",-0.00219253124669194,0,3.21050389048796
"989",0.934669325128198,1,-0.476072379969594
"990",-0.0805583749897778,1,-1.26496276521774
"991",1.02095836959779,0,1.39836830693803
"992",-1.81341481022537,1,1.86447693361669
"993",1.95537176169455,1,2.0000020934509
"994",-0.677003504242748,1,-2.32136985079122
"995",0.829401465598494,0,1.8063777739283
"996",2.38823448261246,1,2.85771852158257
"997",1.82941007846966,1,0.803448427114078
"998",2.18494088435546,1,3.01673207297185
"999",0.735507746692747,1,-0.606077983460426
"1000",-0.384420827496797,1,-0.502355485954769
