"variant","count","total","collection_date","collection_date_num","prop"
"Alpha",0,211,2020-06-01,18414,0
"Alpha",0,314,2020-06-08,18421,0
"Alpha",0,346,2020-06-15,18428,0
"Alpha",0,116,2020-06-22,18435,0
"Alpha",0,43,2020-06-29,18442,0
"Alpha",0,100,2020-07-06,18449,0
"Alpha",0,175,2020-07-13,18456,0
"Alpha",0,86,2020-07-20,18463,0
"Alpha",0,100,2020-07-27,18470,0
"Alpha",0,109,2020-08-03,18477,0
"Alpha",0,211,2020-08-10,18484,0
"Alpha",0,58,2020-08-17,18491,0
"Alpha",0,175,2020-08-24,18498,0
"Alpha",0,159,2020-08-31,18505,0
"Alpha",0,185,2020-09-07,18512,0
"Alpha",0,159,2020-09-14,18519,0
"Alpha",0,97,2020-09-21,18526,0
"Alpha",0,177,2020-09-28,18533,0
"Alpha",0,106,2020-10-05,18540,0
"Alpha",0,63,2020-10-12,18547,0
"Alpha",0,97,2020-10-19,18554,0
"Alpha",1,90,2020-10-26,18561,0.0111111111111111
"Alpha",0,148,2020-11-02,18568,0
"Alpha",0,127,2020-11-09,18575,0
"Alpha",0,128,2020-11-16,18582,0
"Alpha",5,448,2020-11-23,18589,0.0111607142857143
"Alpha",1,468,2020-11-30,18596,0.00213675213675214
"Alpha",3,418,2020-12-07,18603,0.00717703349282297
"Alpha",6,623,2020-12-14,18610,0.00963081861958266
"Alpha",37,552,2020-12-21,18617,0.0670289855072464
"Alpha",10,232,2020-12-28,18624,0.0431034482758621
"Alpha",4,310,2021-01-04,18631,0.0129032258064516
"Alpha",8,340,2021-01-11,18638,0.0235294117647059
"Alpha",15,346,2021-01-18,18645,0.0433526011560694
"Alpha",8,274,2021-01-25,18652,0.0291970802919708
"Alpha",28,545,2021-02-01,18659,0.0513761467889908
"Alpha",35,524,2021-02-08,18666,0.066793893129771
"Alpha",83,843,2021-02-15,18673,0.0984578884934757
"Alpha",119,978,2021-02-22,18680,0.121676891615542
"Alpha",124,1000,2021-03-01,18687,0.124
"Alpha",350,1382,2021-03-08,18694,0.253256150506512
"Alpha",376,1575,2021-03-15,18701,0.238730158730159
"Alpha",317,1595,2021-03-22,18708,0.198746081504702
"Alpha",323,1961,2021-03-29,18715,0.164711881693014
"Alpha",287,2555,2021-04-05,18722,0.112328767123288
"Alpha",178,2612,2021-04-12,18729,0.0681470137825421
"Alpha",82,2227,2021-04-19,18736,0.0368208352043107
"Alpha",156,3435,2021-04-26,18743,0.0454148471615721
"Alpha",46,2296,2021-05-03,18750,0.0200348432055749
"Alpha",9,1803,2021-05-10,18757,0.00499168053244592
"Alpha",5,1902,2021-05-17,18764,0.00262881177707676
"Alpha",4,1292,2021-05-24,18771,0.00309597523219814
"Alpha",10,1252,2021-05-31,18778,0.00798722044728434
"Alpha",5,1054,2021-06-07,18785,0.0047438330170778
"Alpha",2,1043,2021-06-14,18792,0.00191754554170662
"Alpha",3,961,2021-06-21,18799,0.00312174817898023
"Alpha",1,805,2021-06-28,18806,0.00124223602484472
"Alpha",2,706,2021-07-05,18813,0.0028328611898017
"Alpha",1,809,2021-07-12,18820,0.00123609394313968
"Alpha",1,736,2021-07-19,18827,0.00135869565217391
"Alpha",0,576,2021-07-26,18834,0
"Alpha",1,828,2021-08-02,18841,0.00120772946859903
"Alpha",1,875,2021-08-09,18848,0.00114285714285714
"Alpha",0,868,2021-08-16,18855,0
"Alpha",0,1195,2021-08-23,18862,0
"Alpha",0,1169,2021-08-30,18869,0
"Alpha",0,1133,2021-09-06,18876,0
"Alpha",0,1133,2021-09-13,18883,0
"Alpha",0,1111,2021-09-20,18890,0
"Alpha",0,995,2021-09-27,18897,0
"Alpha",2,1298,2021-10-04,18904,0.00154083204930663
"Alpha",0,1099,2021-10-11,18911,0
"Alpha",0,1143,2021-10-18,18918,0
"Alpha",0,1161,2021-10-25,18925,0
"Alpha",0,1107,2021-11-01,18932,0
"Alpha",0,1170,2021-11-08,18939,0
"Alpha",0,962,2021-11-15,18946,0
"Alpha",0,1161,2021-11-22,18953,0
"Alpha",0,1275,2021-11-29,18960,0
"Alpha",0,1434,2021-12-06,18967,0
"Alpha",0,1502,2021-12-13,18974,0
"Alpha",0,4167,2021-12-20,18981,0
"Alpha",0,6457,2021-12-27,18988,0
"Alpha",0,3722,2022-01-03,18995,0
"Alpha",0,2679,2022-01-10,19002,0
"Alpha",0,4044,2022-01-17,19009,0
"Alpha",0,1801,2022-01-24,19016,0
"Alpha",0,3328,2022-01-31,19023,0
"Alpha",0,1563,2022-02-07,19030,0
"Alpha",0,1704,2022-02-14,19037,0
"Alpha",0,887,2022-02-21,19044,0
"Alpha",0,624,2022-02-28,19051,0
"Alpha",0,355,2022-03-07,19058,0
"Alpha",0,189,2022-03-14,19065,0
"Alpha",0,184,2022-03-21,19072,0
"Alpha",0,161,2022-03-28,19079,0
"Alpha",0,314,2022-04-04,19086,0
"Alpha",0,490,2022-04-11,19093,0
"Alpha",0,433,2022-04-18,19100,0
"Alpha",0,505,2022-04-25,19107,0
"Alpha",0,576,2022-05-02,19114,0
"Alpha",0,486,2022-05-09,19121,0
"Alpha",0,461,2022-05-16,19128,0
"Alpha",0,571,2022-05-23,19135,0
"Alpha",0,921,2022-05-30,19142,0
"Alpha",0,1317,2022-06-06,19149,0
"Alpha",0,1636,2022-06-13,19156,0
"Alpha",0,870,2022-06-20,19163,0
"Alpha",0,167,2022-06-27,19170,0
"Beta",0,211,2020-06-01,18414,0
"Beta",0,314,2020-06-08,18421,0
"Beta",0,346,2020-06-15,18428,0
"Beta",0,116,2020-06-22,18435,0
"Beta",0,43,2020-06-29,18442,0
"Beta",0,100,2020-07-06,18449,0
"Beta",0,175,2020-07-13,18456,0
"Beta",0,86,2020-07-20,18463,0
"Beta",0,100,2020-07-27,18470,0
"Beta",0,109,2020-08-03,18477,0
"Beta",0,211,2020-08-10,18484,0
"Beta",0,58,2020-08-17,18491,0
"Beta",0,175,2020-08-24,18498,0
"Beta",0,159,2020-08-31,18505,0
"Beta",0,185,2020-09-07,18512,0
"Beta",0,159,2020-09-14,18519,0
"Beta",0,97,2020-09-21,18526,0
"Beta",0,177,2020-09-28,18533,0
"Beta",0,106,2020-10-05,18540,0
"Beta",0,63,2020-10-12,18547,0
"Beta",0,97,2020-10-19,18554,0
"Beta",0,90,2020-10-26,18561,0
"Beta",0,148,2020-11-02,18568,0
"Beta",0,127,2020-11-09,18575,0
"Beta",0,128,2020-11-16,18582,0
"Beta",0,448,2020-11-23,18589,0
"Beta",0,468,2020-11-30,18596,0
"Beta",0,418,2020-12-07,18603,0
"Beta",0,623,2020-12-14,18610,0
"Beta",0,552,2020-12-21,18617,0
"Beta",2,232,2020-12-28,18624,0.00862068965517241
"Beta",0,310,2021-01-04,18631,0
"Beta",0,340,2021-01-11,18638,0
"Beta",1,346,2021-01-18,18645,0.00289017341040462
"Beta",0,274,2021-01-25,18652,0
"Beta",5,545,2021-02-01,18659,0.00917431192660551
"Beta",0,524,2021-02-08,18666,0
"Beta",4,843,2021-02-15,18673,0.00474495848161329
"Beta",8,978,2021-02-22,18680,0.0081799591002045
"Beta",17,1000,2021-03-01,18687,0.017
"Beta",21,1382,2021-03-08,18694,0.0151953690303907
"Beta",23,1575,2021-03-15,18701,0.0146031746031746
"Beta",32,1595,2021-03-22,18708,0.0200626959247649
"Beta",12,1961,2021-03-29,18715,0.00611932687404386
"Beta",14,2555,2021-04-05,18722,0.00547945205479452
"Beta",18,2612,2021-04-12,18729,0.00689127105666156
"Beta",9,2227,2021-04-19,18736,0.00404131118096093
"Beta",21,3435,2021-04-26,18743,0.00611353711790393
"Beta",7,2296,2021-05-03,18750,0.00304878048780488
"Beta",2,1803,2021-05-10,18757,0.00110926234054354
"Beta",0,1902,2021-05-17,18764,0
"Beta",3,1292,2021-05-24,18771,0.00232198142414861
"Beta",1,1252,2021-05-31,18778,0.000798722044728434
"Beta",0,1054,2021-06-07,18785,0
"Beta",5,1043,2021-06-14,18792,0.00479386385426654
"Beta",1,961,2021-06-21,18799,0.00104058272632674
"Beta",1,805,2021-06-28,18806,0.00124223602484472
"Beta",0,706,2021-07-05,18813,0
"Beta",0,809,2021-07-12,18820,0
"Beta",0,736,2021-07-19,18827,0
"Beta",0,576,2021-07-26,18834,0
"Beta",0,828,2021-08-02,18841,0
"Beta",0,875,2021-08-09,18848,0
"Beta",0,868,2021-08-16,18855,0
"Beta",0,1195,2021-08-23,18862,0
"Beta",0,1169,2021-08-30,18869,0
"Beta",0,1133,2021-09-06,18876,0
"Beta",0,1133,2021-09-13,18883,0
"Beta",0,1111,2021-09-20,18890,0
"Beta",0,995,2021-09-27,18897,0
"Beta",0,1298,2021-10-04,18904,0
"Beta",0,1099,2021-10-11,18911,0
"Beta",0,1143,2021-10-18,18918,0
"Beta",0,1161,2021-10-25,18925,0
"Beta",0,1107,2021-11-01,18932,0
"Beta",0,1170,2021-11-08,18939,0
"Beta",0,962,2021-11-15,18946,0
"Beta",0,1161,2021-11-22,18953,0
"Beta",0,1275,2021-11-29,18960,0
"Beta",0,1434,2021-12-06,18967,0
"Beta",0,1502,2021-12-13,18974,0
"Beta",0,4167,2021-12-20,18981,0
"Beta",0,6457,2021-12-27,18988,0
"Beta",0,3722,2022-01-03,18995,0
"Beta",0,2679,2022-01-10,19002,0
"Beta",0,4044,2022-01-17,19009,0
"Beta",0,1801,2022-01-24,19016,0
"Beta",0,3328,2022-01-31,19023,0
"Beta",0,1563,2022-02-07,19030,0
"Beta",0,1704,2022-02-14,19037,0
"Beta",0,887,2022-02-21,19044,0
"Beta",0,624,2022-02-28,19051,0
"Beta",0,355,2022-03-07,19058,0
"Beta",0,189,2022-03-14,19065,0
"Beta",0,184,2022-03-21,19072,0
"Beta",0,161,2022-03-28,19079,0
"Beta",0,314,2022-04-04,19086,0
"Beta",0,490,2022-04-11,19093,0
"Beta",0,433,2022-04-18,19100,0
"Beta",0,505,2022-04-25,19107,0
"Beta",0,576,2022-05-02,19114,0
"Beta",0,486,2022-05-09,19121,0
"Beta",0,461,2022-05-16,19128,0
"Beta",0,571,2022-05-23,19135,0
"Beta",0,921,2022-05-30,19142,0
"Beta",0,1317,2022-06-06,19149,0
"Beta",0,1636,2022-06-13,19156,0
"Beta",0,870,2022-06-20,19163,0
"Beta",0,167,2022-06-27,19170,0
"Delta",1,211,2020-06-01,18414,0.004739336492891
"Delta",0,314,2020-06-08,18421,0
"Delta",0,346,2020-06-15,18428,0
"Delta",0,116,2020-06-22,18435,0
"Delta",0,43,2020-06-29,18442,0
"Delta",1,100,2020-07-06,18449,0.01
"Delta",0,175,2020-07-13,18456,0
"Delta",0,86,2020-07-20,18463,0
"Delta",0,100,2020-07-27,18470,0
"Delta",0,109,2020-08-03,18477,0
"Delta",1,211,2020-08-10,18484,0.004739336492891
"Delta",0,58,2020-08-17,18491,0
"Delta",2,175,2020-08-24,18498,0.0114285714285714
"Delta",2,159,2020-08-31,18505,0.0125786163522013
"Delta",6,185,2020-09-07,18512,0.0324324324324324
"Delta",1,159,2020-09-14,18519,0.00628930817610063
"Delta",0,97,2020-09-21,18526,0
"Delta",1,177,2020-09-28,18533,0.00564971751412429
"Delta",0,106,2020-10-05,18540,0
"Delta",0,63,2020-10-12,18547,0
"Delta",0,97,2020-10-19,18554,0
"Delta",0,90,2020-10-26,18561,0
"Delta",6,148,2020-11-02,18568,0.0405405405405405
"Delta",7,127,2020-11-09,18575,0.0551181102362205
"Delta",3,128,2020-11-16,18582,0.0234375
"Delta",4,448,2020-11-23,18589,0.00892857142857143
"Delta",5,468,2020-11-30,18596,0.0106837606837607
"Delta",6,418,2020-12-07,18603,0.0143540669856459
"Delta",3,623,2020-12-14,18610,0.00481540930979133
"Delta",0,552,2020-12-21,18617,0
"Delta",4,232,2020-12-28,18624,0.0172413793103448
"Delta",37,310,2021-01-04,18631,0.119354838709677
"Delta",21,340,2021-01-11,18638,0.0617647058823529
"Delta",3,346,2021-01-18,18645,0.00867052023121387
"Delta",14,274,2021-01-25,18652,0.0510948905109489
"Delta",27,545,2021-02-01,18659,0.0495412844036697
"Delta",98,524,2021-02-08,18666,0.187022900763359
"Delta",8,843,2021-02-15,18673,0.00948991696322657
"Delta",13,978,2021-02-22,18680,0.0132924335378323
"Delta",51,1000,2021-03-01,18687,0.051
"Delta",75,1382,2021-03-08,18694,0.0542691751085383
"Delta",184,1575,2021-03-15,18701,0.116825396825397
"Delta",283,1595,2021-03-22,18708,0.177429467084639
"Delta",636,1961,2021-03-29,18715,0.324324324324324
"Delta",1271,2555,2021-04-05,18722,0.497455968688845
"Delta",1711,2612,2021-04-12,18729,0.655053598774885
"Delta",1703,2227,2021-04-19,18736,0.764705882352941
"Delta",2725,3435,2021-04-26,18743,0.79330422125182
"Delta",1973,2296,2021-05-03,18750,0.859320557491289
"Delta",1639,1803,2021-05-10,18757,0.90904048807543
"Delta",1633,1902,2021-05-17,18764,0.85856992639327
"Delta",1102,1292,2021-05-24,18771,0.852941176470588
"Delta",1107,1252,2021-05-31,18778,0.884185303514377
"Delta",972,1054,2021-06-07,18785,0.922201138519924
"Delta",970,1043,2021-06-14,18792,0.930009587727709
"Delta",894,961,2021-06-21,18799,0.930280957336108
"Delta",754,805,2021-06-28,18806,0.936645962732919
"Delta",673,706,2021-07-05,18813,0.953257790368272
"Delta",742,809,2021-07-12,18820,0.917181705809642
"Delta",695,736,2021-07-19,18827,0.94429347826087
"Delta",555,576,2021-07-26,18834,0.963541666666667
"Delta",781,828,2021-08-02,18841,0.943236714975845
"Delta",845,875,2021-08-09,18848,0.965714285714286
"Delta",853,868,2021-08-16,18855,0.982718894009217
"Delta",1146,1195,2021-08-23,18862,0.958995815899582
"Delta",1144,1169,2021-08-30,18869,0.978614200171086
"Delta",1103,1133,2021-09-06,18876,0.973521624007061
"Delta",1121,1133,2021-09-13,18883,0.989408649602824
"Delta",1094,1111,2021-09-20,18890,0.984698469846985
"Delta",969,995,2021-09-27,18897,0.973869346733668
"Delta",1253,1298,2021-10-04,18904,0.965331278890601
"Delta",1074,1099,2021-10-11,18911,0.977252047315742
"Delta",1109,1143,2021-10-18,18918,0.970253718285214
"Delta",1143,1161,2021-10-25,18925,0.984496124031008
"Delta",1083,1107,2021-11-01,18932,0.978319783197832
"Delta",1121,1170,2021-11-08,18939,0.958119658119658
"Delta",934,962,2021-11-15,18946,0.970893970893971
"Delta",1130,1161,2021-11-22,18953,0.973298880275625
"Delta",1203,1275,2021-11-29,18960,0.943529411764706
"Delta",1318,1434,2021-12-06,18967,0.919107391910739
"Delta",1088,1502,2021-12-13,18974,0.724367509986684
"Delta",1748,4167,2021-12-20,18981,0.419486441084713
"Delta",1170,6457,2021-12-27,18988,0.181198699086263
"Delta",146,3722,2022-01-03,18995,0.0392262224610425
"Delta",64,2679,2022-01-10,19002,0.0238895110115715
"Delta",39,4044,2022-01-17,19009,0.00964391691394659
"Delta",17,1801,2022-01-24,19016,0.00943920044419767
"Delta",10,3328,2022-01-31,19023,0.00300480769230769
"Delta",16,1563,2022-02-07,19030,0.0102367242482406
"Delta",36,1704,2022-02-14,19037,0.0211267605633803
"Delta",3,887,2022-02-21,19044,0.00338218714768884
"Delta",0,624,2022-02-28,19051,0
"Delta",0,355,2022-03-07,19058,0
"Delta",1,189,2022-03-14,19065,0.00529100529100529
"Delta",0,184,2022-03-21,19072,0
"Delta",1,161,2022-03-28,19079,0.0062111801242236
"Delta",0,314,2022-04-04,19086,0
"Delta",1,490,2022-04-11,19093,0.00204081632653061
"Delta",0,433,2022-04-18,19100,0
"Delta",1,505,2022-04-25,19107,0.00198019801980198
"Delta",2,576,2022-05-02,19114,0.00347222222222222
"Delta",3,486,2022-05-09,19121,0.00617283950617284
"Delta",1,461,2022-05-16,19128,0.00216919739696312
"Delta",1,571,2022-05-23,19135,0.00175131348511384
"Delta",0,921,2022-05-30,19142,0
"Delta",0,1317,2022-06-06,19149,0
"Delta",0,1636,2022-06-13,19156,0
"Delta",0,870,2022-06-20,19163,0
"Delta",0,167,2022-06-27,19170,0
"Omicron (BA.1)",0,211,2020-06-01,18414,0
"Omicron (BA.1)",0,314,2020-06-08,18421,0
"Omicron (BA.1)",0,346,2020-06-15,18428,0
"Omicron (BA.1)",0,116,2020-06-22,18435,0
"Omicron (BA.1)",0,43,2020-06-29,18442,0
"Omicron (BA.1)",0,100,2020-07-06,18449,0
"Omicron (BA.1)",0,175,2020-07-13,18456,0
"Omicron (BA.1)",0,86,2020-07-20,18463,0
"Omicron (BA.1)",0,100,2020-07-27,18470,0
"Omicron (BA.1)",0,109,2020-08-03,18477,0
"Omicron (BA.1)",0,211,2020-08-10,18484,0
"Omicron (BA.1)",0,58,2020-08-17,18491,0
"Omicron (BA.1)",0,175,2020-08-24,18498,0
"Omicron (BA.1)",0,159,2020-08-31,18505,0
"Omicron (BA.1)",0,185,2020-09-07,18512,0
"Omicron (BA.1)",0,159,2020-09-14,18519,0
"Omicron (BA.1)",0,97,2020-09-21,18526,0
"Omicron (BA.1)",0,177,2020-09-28,18533,0
"Omicron (BA.1)",0,106,2020-10-05,18540,0
"Omicron (BA.1)",0,63,2020-10-12,18547,0
"Omicron (BA.1)",0,97,2020-10-19,18554,0
"Omicron (BA.1)",0,90,2020-10-26,18561,0
"Omicron (BA.1)",0,148,2020-11-02,18568,0
"Omicron (BA.1)",0,127,2020-11-09,18575,0
"Omicron (BA.1)",0,128,2020-11-16,18582,0
"Omicron (BA.1)",0,448,2020-11-23,18589,0
"Omicron (BA.1)",0,468,2020-11-30,18596,0
"Omicron (BA.1)",0,418,2020-12-07,18603,0
"Omicron (BA.1)",0,623,2020-12-14,18610,0
"Omicron (BA.1)",0,552,2020-12-21,18617,0
"Omicron (BA.1)",0,232,2020-12-28,18624,0
"Omicron (BA.1)",0,310,2021-01-04,18631,0
"Omicron (BA.1)",0,340,2021-01-11,18638,0
"Omicron (BA.1)",0,346,2021-01-18,18645,0
"Omicron (BA.1)",0,274,2021-01-25,18652,0
"Omicron (BA.1)",0,545,2021-02-01,18659,0
"Omicron (BA.1)",0,524,2021-02-08,18666,0
"Omicron (BA.1)",0,843,2021-02-15,18673,0
"Omicron (BA.1)",0,978,2021-02-22,18680,0
"Omicron (BA.1)",0,1000,2021-03-01,18687,0
"Omicron (BA.1)",0,1382,2021-03-08,18694,0
"Omicron (BA.1)",0,1575,2021-03-15,18701,0
"Omicron (BA.1)",0,1595,2021-03-22,18708,0
"Omicron (BA.1)",0,1961,2021-03-29,18715,0
"Omicron (BA.1)",0,2555,2021-04-05,18722,0
"Omicron (BA.1)",0,2612,2021-04-12,18729,0
"Omicron (BA.1)",0,2227,2021-04-19,18736,0
"Omicron (BA.1)",0,3435,2021-04-26,18743,0
"Omicron (BA.1)",0,2296,2021-05-03,18750,0
"Omicron (BA.1)",0,1803,2021-05-10,18757,0
"Omicron (BA.1)",0,1902,2021-05-17,18764,0
"Omicron (BA.1)",0,1292,2021-05-24,18771,0
"Omicron (BA.1)",0,1252,2021-05-31,18778,0
"Omicron (BA.1)",0,1054,2021-06-07,18785,0
"Omicron (BA.1)",0,1043,2021-06-14,18792,0
"Omicron (BA.1)",0,961,2021-06-21,18799,0
"Omicron (BA.1)",0,805,2021-06-28,18806,0
"Omicron (BA.1)",0,706,2021-07-05,18813,0
"Omicron (BA.1)",0,809,2021-07-12,18820,0
"Omicron (BA.1)",0,736,2021-07-19,18827,0
"Omicron (BA.1)",0,576,2021-07-26,18834,0
"Omicron (BA.1)",0,828,2021-08-02,18841,0
"Omicron (BA.1)",0,875,2021-08-09,18848,0
"Omicron (BA.1)",0,868,2021-08-16,18855,0
"Omicron (BA.1)",0,1195,2021-08-23,18862,0
"Omicron (BA.1)",0,1169,2021-08-30,18869,0
"Omicron (BA.1)",0,1133,2021-09-06,18876,0
"Omicron (BA.1)",0,1133,2021-09-13,18883,0
"Omicron (BA.1)",0,1111,2021-09-20,18890,0
"Omicron (BA.1)",0,995,2021-09-27,18897,0
"Omicron (BA.1)",1,1298,2021-10-04,18904,0.000770416024653313
"Omicron (BA.1)",0,1099,2021-10-11,18911,0
"Omicron (BA.1)",0,1143,2021-10-18,18918,0
"Omicron (BA.1)",1,1161,2021-10-25,18925,0.000861326442721792
"Omicron (BA.1)",0,1107,2021-11-01,18932,0
"Omicron (BA.1)",2,1170,2021-11-08,18939,0.00170940170940171
"Omicron (BA.1)",0,962,2021-11-15,18946,0
"Omicron (BA.1)",6,1161,2021-11-22,18953,0.00516795865633075
"Omicron (BA.1)",31,1275,2021-11-29,18960,0.0243137254901961
"Omicron (BA.1)",52,1434,2021-12-06,18967,0.0362622036262204
"Omicron (BA.1)",356,1502,2021-12-13,18974,0.237017310252996
"Omicron (BA.1)",1736,4167,2021-12-20,18981,0.416606671466283
"Omicron (BA.1)",2075,6457,2021-12-27,18988,0.321356667182902
"Omicron (BA.1)",1009,3722,2022-01-03,18995,0.271090811391725
"Omicron (BA.1)",558,2679,2022-01-10,19002,0.208286674132139
"Omicron (BA.1)",584,4044,2022-01-17,19009,0.144411473788328
"Omicron (BA.1)",142,1801,2022-01-24,19016,0.0788450860632982
"Omicron (BA.1)",151,3328,2022-01-31,19023,0.0453725961538462
"Omicron (BA.1)",54,1563,2022-02-07,19030,0.0345489443378119
"Omicron (BA.1)",57,1704,2022-02-14,19037,0.0334507042253521
"Omicron (BA.1)",33,887,2022-02-21,19044,0.0372040586245772
"Omicron (BA.1)",13,624,2022-02-28,19051,0.0208333333333333
"Omicron (BA.1)",8,355,2022-03-07,19058,0.0225352112676056
"Omicron (BA.1)",3,189,2022-03-14,19065,0.0158730158730159
"Omicron (BA.1)",5,184,2022-03-21,19072,0.0271739130434783
"Omicron (BA.1)",3,161,2022-03-28,19079,0.0186335403726708
"Omicron (BA.1)",2,314,2022-04-04,19086,0.00636942675159236
"Omicron (BA.1)",1,490,2022-04-11,19093,0.00204081632653061
"Omicron (BA.1)",4,433,2022-04-18,19100,0.0092378752886836
"Omicron (BA.1)",0,505,2022-04-25,19107,0
"Omicron (BA.1)",1,576,2022-05-02,19114,0.00173611111111111
"Omicron (BA.1)",1,486,2022-05-09,19121,0.00205761316872428
"Omicron (BA.1)",1,461,2022-05-16,19128,0.00216919739696312
"Omicron (BA.1)",0,571,2022-05-23,19135,0
"Omicron (BA.1)",0,921,2022-05-30,19142,0
"Omicron (BA.1)",0,1317,2022-06-06,19149,0
"Omicron (BA.1)",0,1636,2022-06-13,19156,0
"Omicron (BA.1)",0,870,2022-06-20,19163,0
"Omicron (BA.1)",0,167,2022-06-27,19170,0
"Omicron (BA.2)",0,211,2020-06-01,18414,0
"Omicron (BA.2)",0,314,2020-06-08,18421,0
"Omicron (BA.2)",0,346,2020-06-15,18428,0
"Omicron (BA.2)",0,116,2020-06-22,18435,0
"Omicron (BA.2)",0,43,2020-06-29,18442,0
"Omicron (BA.2)",0,100,2020-07-06,18449,0
"Omicron (BA.2)",0,175,2020-07-13,18456,0
"Omicron (BA.2)",0,86,2020-07-20,18463,0
"Omicron (BA.2)",0,100,2020-07-27,18470,0
"Omicron (BA.2)",0,109,2020-08-03,18477,0
"Omicron (BA.2)",0,211,2020-08-10,18484,0
"Omicron (BA.2)",0,58,2020-08-17,18491,0
"Omicron (BA.2)",0,175,2020-08-24,18498,0
"Omicron (BA.2)",0,159,2020-08-31,18505,0
"Omicron (BA.2)",0,185,2020-09-07,18512,0
"Omicron (BA.2)",0,159,2020-09-14,18519,0
"Omicron (BA.2)",0,97,2020-09-21,18526,0
"Omicron (BA.2)",0,177,2020-09-28,18533,0
"Omicron (BA.2)",0,106,2020-10-05,18540,0
"Omicron (BA.2)",0,63,2020-10-12,18547,0
"Omicron (BA.2)",0,97,2020-10-19,18554,0
"Omicron (BA.2)",0,90,2020-10-26,18561,0
"Omicron (BA.2)",0,148,2020-11-02,18568,0
"Omicron (BA.2)",0,127,2020-11-09,18575,0
"Omicron (BA.2)",0,128,2020-11-16,18582,0
"Omicron (BA.2)",0,448,2020-11-23,18589,0
"Omicron (BA.2)",0,468,2020-11-30,18596,0
"Omicron (BA.2)",0,418,2020-12-07,18603,0
"Omicron (BA.2)",0,623,2020-12-14,18610,0
"Omicron (BA.2)",0,552,2020-12-21,18617,0
"Omicron (BA.2)",0,232,2020-12-28,18624,0
"Omicron (BA.2)",0,310,2021-01-04,18631,0
"Omicron (BA.2)",0,340,2021-01-11,18638,0
"Omicron (BA.2)",0,346,2021-01-18,18645,0
"Omicron (BA.2)",0,274,2021-01-25,18652,0
"Omicron (BA.2)",0,545,2021-02-01,18659,0
"Omicron (BA.2)",0,524,2021-02-08,18666,0
"Omicron (BA.2)",0,843,2021-02-15,18673,0
"Omicron (BA.2)",0,978,2021-02-22,18680,0
"Omicron (BA.2)",0,1000,2021-03-01,18687,0
"Omicron (BA.2)",0,1382,2021-03-08,18694,0
"Omicron (BA.2)",0,1575,2021-03-15,18701,0
"Omicron (BA.2)",0,1595,2021-03-22,18708,0
"Omicron (BA.2)",0,1961,2021-03-29,18715,0
"Omicron (BA.2)",0,2555,2021-04-05,18722,0
"Omicron (BA.2)",0,2612,2021-04-12,18729,0
"Omicron (BA.2)",0,2227,2021-04-19,18736,0
"Omicron (BA.2)",0,3435,2021-04-26,18743,0
"Omicron (BA.2)",0,2296,2021-05-03,18750,0
"Omicron (BA.2)",0,1803,2021-05-10,18757,0
"Omicron (BA.2)",0,1902,2021-05-17,18764,0
"Omicron (BA.2)",0,1292,2021-05-24,18771,0
"Omicron (BA.2)",0,1252,2021-05-31,18778,0
"Omicron (BA.2)",0,1054,2021-06-07,18785,0
"Omicron (BA.2)",0,1043,2021-06-14,18792,0
"Omicron (BA.2)",0,961,2021-06-21,18799,0
"Omicron (BA.2)",0,805,2021-06-28,18806,0
"Omicron (BA.2)",0,706,2021-07-05,18813,0
"Omicron (BA.2)",0,809,2021-07-12,18820,0
"Omicron (BA.2)",0,736,2021-07-19,18827,0
"Omicron (BA.2)",0,576,2021-07-26,18834,0
"Omicron (BA.2)",0,828,2021-08-02,18841,0
"Omicron (BA.2)",0,875,2021-08-09,18848,0
"Omicron (BA.2)",0,868,2021-08-16,18855,0
"Omicron (BA.2)",0,1195,2021-08-23,18862,0
"Omicron (BA.2)",0,1169,2021-08-30,18869,0
"Omicron (BA.2)",1,1133,2021-09-06,18876,0.00088261253309797
"Omicron (BA.2)",0,1133,2021-09-13,18883,0
"Omicron (BA.2)",0,1111,2021-09-20,18890,0
"Omicron (BA.2)",1,995,2021-09-27,18897,0.00100502512562814
"Omicron (BA.2)",0,1298,2021-10-04,18904,0
"Omicron (BA.2)",0,1099,2021-10-11,18911,0
"Omicron (BA.2)",1,1143,2021-10-18,18918,0.000874890638670166
"Omicron (BA.2)",0,1161,2021-10-25,18925,0
"Omicron (BA.2)",0,1107,2021-11-01,18932,0
"Omicron (BA.2)",0,1170,2021-11-08,18939,0
"Omicron (BA.2)",0,962,2021-11-15,18946,0
"Omicron (BA.2)",2,1161,2021-11-22,18953,0.00172265288544358
"Omicron (BA.2)",10,1275,2021-11-29,18960,0.00784313725490196
"Omicron (BA.2)",7,1434,2021-12-06,18967,0.00488145048814505
"Omicron (BA.2)",20,1502,2021-12-13,18974,0.0133155792276964
"Omicron (BA.2)",566,4167,2021-12-20,18981,0.135829133669306
"Omicron (BA.2)",2878,6457,2021-12-27,18988,0.445717825615611
"Omicron (BA.2)",2307,3722,2022-01-03,18995,0.619828049435787
"Omicron (BA.2)",1869,2679,2022-01-10,19002,0.697648376259798
"Omicron (BA.2)",3145,4044,2022-01-17,19009,0.777695351137488
"Omicron (BA.2)",1550,1801,2022-01-24,19016,0.860632981676846
"Omicron (BA.2)",3016,3328,2022-01-31,19023,0.90625
"Omicron (BA.2)",1422,1563,2022-02-07,19030,0.90978886756238
"Omicron (BA.2)",1544,1704,2022-02-14,19037,0.906103286384977
"Omicron (BA.2)",826,887,2022-02-21,19044,0.931228861330327
"Omicron (BA.2)",595,624,2022-02-28,19051,0.953525641025641
"Omicron (BA.2)",338,355,2022-03-07,19058,0.952112676056338
"Omicron (BA.2)",173,189,2022-03-14,19065,0.915343915343915
"Omicron (BA.2)",175,184,2022-03-21,19072,0.951086956521739
"Omicron (BA.2)",151,161,2022-03-28,19079,0.937888198757764
"Omicron (BA.2)",308,314,2022-04-04,19086,0.980891719745223
"Omicron (BA.2)",472,490,2022-04-11,19093,0.963265306122449
"Omicron (BA.2)",408,433,2022-04-18,19100,0.942263279445728
"Omicron (BA.2)",491,505,2022-04-25,19107,0.972277227722772
"Omicron (BA.2)",543,576,2022-05-02,19114,0.942708333333333
"Omicron (BA.2)",446,486,2022-05-09,19121,0.917695473251029
"Omicron (BA.2)",419,461,2022-05-16,19128,0.908893709327549
"Omicron (BA.2)",495,571,2022-05-23,19135,0.866900175131349
"Omicron (BA.2)",697,921,2022-05-30,19142,0.756786102062975
"Omicron (BA.2)",868,1317,2022-06-06,19149,0.659073652239939
"Omicron (BA.2)",788,1636,2022-06-13,19156,0.481662591687042
"Omicron (BA.2)",312,870,2022-06-20,19163,0.358620689655172
"Omicron (BA.2)",61,167,2022-06-27,19170,0.365269461077844
"Omicron (BA.2.74)",0,211,2020-06-01,18414,0
"Omicron (BA.2.74)",0,314,2020-06-08,18421,0
"Omicron (BA.2.74)",0,346,2020-06-15,18428,0
"Omicron (BA.2.74)",0,116,2020-06-22,18435,0
"Omicron (BA.2.74)",0,43,2020-06-29,18442,0
"Omicron (BA.2.74)",0,100,2020-07-06,18449,0
"Omicron (BA.2.74)",0,175,2020-07-13,18456,0
"Omicron (BA.2.74)",0,86,2020-07-20,18463,0
"Omicron (BA.2.74)",0,100,2020-07-27,18470,0
"Omicron (BA.2.74)",0,109,2020-08-03,18477,0
"Omicron (BA.2.74)",0,211,2020-08-10,18484,0
"Omicron (BA.2.74)",0,58,2020-08-17,18491,0
"Omicron (BA.2.74)",0,175,2020-08-24,18498,0
"Omicron (BA.2.74)",0,159,2020-08-31,18505,0
"Omicron (BA.2.74)",0,185,2020-09-07,18512,0
"Omicron (BA.2.74)",0,159,2020-09-14,18519,0
"Omicron (BA.2.74)",0,97,2020-09-21,18526,0
"Omicron (BA.2.74)",0,177,2020-09-28,18533,0
"Omicron (BA.2.74)",0,106,2020-10-05,18540,0
"Omicron (BA.2.74)",0,63,2020-10-12,18547,0
"Omicron (BA.2.74)",0,97,2020-10-19,18554,0
"Omicron (BA.2.74)",0,90,2020-10-26,18561,0
"Omicron (BA.2.74)",0,148,2020-11-02,18568,0
"Omicron (BA.2.74)",0,127,2020-11-09,18575,0
"Omicron (BA.2.74)",0,128,2020-11-16,18582,0
"Omicron (BA.2.74)",0,448,2020-11-23,18589,0
"Omicron (BA.2.74)",0,468,2020-11-30,18596,0
"Omicron (BA.2.74)",0,418,2020-12-07,18603,0
"Omicron (BA.2.74)",0,623,2020-12-14,18610,0
"Omicron (BA.2.74)",0,552,2020-12-21,18617,0
"Omicron (BA.2.74)",0,232,2020-12-28,18624,0
"Omicron (BA.2.74)",0,310,2021-01-04,18631,0
"Omicron (BA.2.74)",0,340,2021-01-11,18638,0
"Omicron (BA.2.74)",0,346,2021-01-18,18645,0
"Omicron (BA.2.74)",0,274,2021-01-25,18652,0
"Omicron (BA.2.74)",0,545,2021-02-01,18659,0
"Omicron (BA.2.74)",0,524,2021-02-08,18666,0
"Omicron (BA.2.74)",0,843,2021-02-15,18673,0
"Omicron (BA.2.74)",0,978,2021-02-22,18680,0
"Omicron (BA.2.74)",0,1000,2021-03-01,18687,0
"Omicron (BA.2.74)",0,1382,2021-03-08,18694,0
"Omicron (BA.2.74)",0,1575,2021-03-15,18701,0
"Omicron (BA.2.74)",0,1595,2021-03-22,18708,0
"Omicron (BA.2.74)",0,1961,2021-03-29,18715,0
"Omicron (BA.2.74)",0,2555,2021-04-05,18722,0
"Omicron (BA.2.74)",0,2612,2021-04-12,18729,0
"Omicron (BA.2.74)",0,2227,2021-04-19,18736,0
"Omicron (BA.2.74)",0,3435,2021-04-26,18743,0
"Omicron (BA.2.74)",0,2296,2021-05-03,18750,0
"Omicron (BA.2.74)",0,1803,2021-05-10,18757,0
"Omicron (BA.2.74)",0,1902,2021-05-17,18764,0
"Omicron (BA.2.74)",0,1292,2021-05-24,18771,0
"Omicron (BA.2.74)",0,1252,2021-05-31,18778,0
"Omicron (BA.2.74)",0,1054,2021-06-07,18785,0
"Omicron (BA.2.74)",0,1043,2021-06-14,18792,0
"Omicron (BA.2.74)",0,961,2021-06-21,18799,0
"Omicron (BA.2.74)",0,805,2021-06-28,18806,0
"Omicron (BA.2.74)",0,706,2021-07-05,18813,0
"Omicron (BA.2.74)",0,809,2021-07-12,18820,0
"Omicron (BA.2.74)",0,736,2021-07-19,18827,0
"Omicron (BA.2.74)",0,576,2021-07-26,18834,0
"Omicron (BA.2.74)",0,828,2021-08-02,18841,0
"Omicron (BA.2.74)",0,875,2021-08-09,18848,0
"Omicron (BA.2.74)",0,868,2021-08-16,18855,0
"Omicron (BA.2.74)",0,1195,2021-08-23,18862,0
"Omicron (BA.2.74)",0,1169,2021-08-30,18869,0
"Omicron (BA.2.74)",0,1133,2021-09-06,18876,0
"Omicron (BA.2.74)",0,1133,2021-09-13,18883,0
"Omicron (BA.2.74)",0,1111,2021-09-20,18890,0
"Omicron (BA.2.74)",0,995,2021-09-27,18897,0
"Omicron (BA.2.74)",0,1298,2021-10-04,18904,0
"Omicron (BA.2.74)",0,1099,2021-10-11,18911,0
"Omicron (BA.2.74)",0,1143,2021-10-18,18918,0
"Omicron (BA.2.74)",0,1161,2021-10-25,18925,0
"Omicron (BA.2.74)",0,1107,2021-11-01,18932,0
"Omicron (BA.2.74)",0,1170,2021-11-08,18939,0
"Omicron (BA.2.74)",0,962,2021-11-15,18946,0
"Omicron (BA.2.74)",0,1161,2021-11-22,18953,0
"Omicron (BA.2.74)",0,1275,2021-11-29,18960,0
"Omicron (BA.2.74)",0,1434,2021-12-06,18967,0
"Omicron (BA.2.74)",0,1502,2021-12-13,18974,0
"Omicron (BA.2.74)",0,4167,2021-12-20,18981,0
"Omicron (BA.2.74)",0,6457,2021-12-27,18988,0
"Omicron (BA.2.74)",1,3722,2022-01-03,18995,0.000268672756582483
"Omicron (BA.2.74)",0,2679,2022-01-10,19002,0
"Omicron (BA.2.74)",0,4044,2022-01-17,19009,0
"Omicron (BA.2.74)",0,1801,2022-01-24,19016,0
"Omicron (BA.2.74)",1,3328,2022-01-31,19023,0.000300480769230769
"Omicron (BA.2.74)",0,1563,2022-02-07,19030,0
"Omicron (BA.2.74)",0,1704,2022-02-14,19037,0
"Omicron (BA.2.74)",0,887,2022-02-21,19044,0
"Omicron (BA.2.74)",0,624,2022-02-28,19051,0
"Omicron (BA.2.74)",0,355,2022-03-07,19058,0
"Omicron (BA.2.74)",0,189,2022-03-14,19065,0
"Omicron (BA.2.74)",0,184,2022-03-21,19072,0
"Omicron (BA.2.74)",0,161,2022-03-28,19079,0
"Omicron (BA.2.74)",0,314,2022-04-04,19086,0
"Omicron (BA.2.74)",0,490,2022-04-11,19093,0
"Omicron (BA.2.74)",0,433,2022-04-18,19100,0
"Omicron (BA.2.74)",0,505,2022-04-25,19107,0
"Omicron (BA.2.74)",1,576,2022-05-02,19114,0.00173611111111111
"Omicron (BA.2.74)",2,486,2022-05-09,19121,0.00411522633744856
"Omicron (BA.2.74)",3,461,2022-05-16,19128,0.00650759219088937
"Omicron (BA.2.74)",11,571,2022-05-23,19135,0.0192644483362522
"Omicron (BA.2.74)",64,921,2022-05-30,19142,0.0694896851248643
"Omicron (BA.2.74)",114,1317,2022-06-06,19149,0.0865603644646925
"Omicron (BA.2.74)",70,1636,2022-06-13,19156,0.0427872860635697
"Omicron (BA.2.74)",24,870,2022-06-20,19163,0.0275862068965517
"Omicron (BA.2.74)",5,167,2022-06-27,19170,0.029940119760479
"Omicron (BA.2.75)",0,211,2020-06-01,18414,0
"Omicron (BA.2.75)",0,314,2020-06-08,18421,0
"Omicron (BA.2.75)",0,346,2020-06-15,18428,0
"Omicron (BA.2.75)",0,116,2020-06-22,18435,0
"Omicron (BA.2.75)",0,43,2020-06-29,18442,0
"Omicron (BA.2.75)",0,100,2020-07-06,18449,0
"Omicron (BA.2.75)",0,175,2020-07-13,18456,0
"Omicron (BA.2.75)",0,86,2020-07-20,18463,0
"Omicron (BA.2.75)",0,100,2020-07-27,18470,0
"Omicron (BA.2.75)",0,109,2020-08-03,18477,0
"Omicron (BA.2.75)",0,211,2020-08-10,18484,0
"Omicron (BA.2.75)",0,58,2020-08-17,18491,0
"Omicron (BA.2.75)",0,175,2020-08-24,18498,0
"Omicron (BA.2.75)",0,159,2020-08-31,18505,0
"Omicron (BA.2.75)",0,185,2020-09-07,18512,0
"Omicron (BA.2.75)",0,159,2020-09-14,18519,0
"Omicron (BA.2.75)",0,97,2020-09-21,18526,0
"Omicron (BA.2.75)",0,177,2020-09-28,18533,0
"Omicron (BA.2.75)",0,106,2020-10-05,18540,0
"Omicron (BA.2.75)",0,63,2020-10-12,18547,0
"Omicron (BA.2.75)",0,97,2020-10-19,18554,0
"Omicron (BA.2.75)",0,90,2020-10-26,18561,0
"Omicron (BA.2.75)",0,148,2020-11-02,18568,0
"Omicron (BA.2.75)",0,127,2020-11-09,18575,0
"Omicron (BA.2.75)",0,128,2020-11-16,18582,0
"Omicron (BA.2.75)",0,448,2020-11-23,18589,0
"Omicron (BA.2.75)",0,468,2020-11-30,18596,0
"Omicron (BA.2.75)",0,418,2020-12-07,18603,0
"Omicron (BA.2.75)",0,623,2020-12-14,18610,0
"Omicron (BA.2.75)",0,552,2020-12-21,18617,0
"Omicron (BA.2.75)",0,232,2020-12-28,18624,0
"Omicron (BA.2.75)",0,310,2021-01-04,18631,0
"Omicron (BA.2.75)",0,340,2021-01-11,18638,0
"Omicron (BA.2.75)",0,346,2021-01-18,18645,0
"Omicron (BA.2.75)",0,274,2021-01-25,18652,0
"Omicron (BA.2.75)",0,545,2021-02-01,18659,0
"Omicron (BA.2.75)",0,524,2021-02-08,18666,0
"Omicron (BA.2.75)",0,843,2021-02-15,18673,0
"Omicron (BA.2.75)",0,978,2021-02-22,18680,0
"Omicron (BA.2.75)",0,1000,2021-03-01,18687,0
"Omicron (BA.2.75)",0,1382,2021-03-08,18694,0
"Omicron (BA.2.75)",0,1575,2021-03-15,18701,0
"Omicron (BA.2.75)",0,1595,2021-03-22,18708,0
"Omicron (BA.2.75)",0,1961,2021-03-29,18715,0
"Omicron (BA.2.75)",0,2555,2021-04-05,18722,0
"Omicron (BA.2.75)",0,2612,2021-04-12,18729,0
"Omicron (BA.2.75)",0,2227,2021-04-19,18736,0
"Omicron (BA.2.75)",0,3435,2021-04-26,18743,0
"Omicron (BA.2.75)",0,2296,2021-05-03,18750,0
"Omicron (BA.2.75)",0,1803,2021-05-10,18757,0
"Omicron (BA.2.75)",0,1902,2021-05-17,18764,0
"Omicron (BA.2.75)",0,1292,2021-05-24,18771,0
"Omicron (BA.2.75)",0,1252,2021-05-31,18778,0
"Omicron (BA.2.75)",0,1054,2021-06-07,18785,0
"Omicron (BA.2.75)",0,1043,2021-06-14,18792,0
"Omicron (BA.2.75)",0,961,2021-06-21,18799,0
"Omicron (BA.2.75)",0,805,2021-06-28,18806,0
"Omicron (BA.2.75)",0,706,2021-07-05,18813,0
"Omicron (BA.2.75)",0,809,2021-07-12,18820,0
"Omicron (BA.2.75)",0,736,2021-07-19,18827,0
"Omicron (BA.2.75)",0,576,2021-07-26,18834,0
"Omicron (BA.2.75)",0,828,2021-08-02,18841,0
"Omicron (BA.2.75)",0,875,2021-08-09,18848,0
"Omicron (BA.2.75)",0,868,2021-08-16,18855,0
"Omicron (BA.2.75)",0,1195,2021-08-23,18862,0
"Omicron (BA.2.75)",0,1169,2021-08-30,18869,0
"Omicron (BA.2.75)",0,1133,2021-09-06,18876,0
"Omicron (BA.2.75)",0,1133,2021-09-13,18883,0
"Omicron (BA.2.75)",0,1111,2021-09-20,18890,0
"Omicron (BA.2.75)",0,995,2021-09-27,18897,0
"Omicron (BA.2.75)",0,1298,2021-10-04,18904,0
"Omicron (BA.2.75)",0,1099,2021-10-11,18911,0
"Omicron (BA.2.75)",0,1143,2021-10-18,18918,0
"Omicron (BA.2.75)",0,1161,2021-10-25,18925,0
"Omicron (BA.2.75)",0,1107,2021-11-01,18932,0
"Omicron (BA.2.75)",0,1170,2021-11-08,18939,0
"Omicron (BA.2.75)",0,962,2021-11-15,18946,0
"Omicron (BA.2.75)",0,1161,2021-11-22,18953,0
"Omicron (BA.2.75)",0,1275,2021-11-29,18960,0
"Omicron (BA.2.75)",0,1434,2021-12-06,18967,0
"Omicron (BA.2.75)",0,1502,2021-12-13,18974,0
"Omicron (BA.2.75)",0,4167,2021-12-20,18981,0
"Omicron (BA.2.75)",0,6457,2021-12-27,18988,0
"Omicron (BA.2.75)",0,3722,2022-01-03,18995,0
"Omicron (BA.2.75)",0,2679,2022-01-10,19002,0
"Omicron (BA.2.75)",0,4044,2022-01-17,19009,0
"Omicron (BA.2.75)",0,1801,2022-01-24,19016,0
"Omicron (BA.2.75)",0,3328,2022-01-31,19023,0
"Omicron (BA.2.75)",0,1563,2022-02-07,19030,0
"Omicron (BA.2.75)",0,1704,2022-02-14,19037,0
"Omicron (BA.2.75)",0,887,2022-02-21,19044,0
"Omicron (BA.2.75)",0,624,2022-02-28,19051,0
"Omicron (BA.2.75)",0,355,2022-03-07,19058,0
"Omicron (BA.2.75)",0,189,2022-03-14,19065,0
"Omicron (BA.2.75)",0,184,2022-03-21,19072,0
"Omicron (BA.2.75)",0,161,2022-03-28,19079,0
"Omicron (BA.2.75)",0,314,2022-04-04,19086,0
"Omicron (BA.2.75)",0,490,2022-04-11,19093,0
"Omicron (BA.2.75)",0,433,2022-04-18,19100,0
"Omicron (BA.2.75)",0,505,2022-04-25,19107,0
"Omicron (BA.2.75)",0,576,2022-05-02,19114,0
"Omicron (BA.2.75)",0,486,2022-05-09,19121,0
"Omicron (BA.2.75)",0,461,2022-05-16,19128,0
"Omicron (BA.2.75)",1,571,2022-05-23,19135,0.00175131348511384
"Omicron (BA.2.75)",4,921,2022-05-30,19142,0.00434310532030402
"Omicron (BA.2.75)",14,1317,2022-06-06,19149,0.0106302201974184
"Omicron (BA.2.75)",64,1636,2022-06-13,19156,0.039119804400978
"Omicron (BA.2.75)",83,870,2022-06-20,19163,0.0954022988505747
"Omicron (BA.2.75)",32,167,2022-06-27,19170,0.191616766467066
"Omicron (BA.2.76)",0,211,2020-06-01,18414,0
"Omicron (BA.2.76)",0,314,2020-06-08,18421,0
"Omicron (BA.2.76)",0,346,2020-06-15,18428,0
"Omicron (BA.2.76)",0,116,2020-06-22,18435,0
"Omicron (BA.2.76)",0,43,2020-06-29,18442,0
"Omicron (BA.2.76)",0,100,2020-07-06,18449,0
"Omicron (BA.2.76)",0,175,2020-07-13,18456,0
"Omicron (BA.2.76)",0,86,2020-07-20,18463,0
"Omicron (BA.2.76)",0,100,2020-07-27,18470,0
"Omicron (BA.2.76)",0,109,2020-08-03,18477,0
"Omicron (BA.2.76)",0,211,2020-08-10,18484,0
"Omicron (BA.2.76)",0,58,2020-08-17,18491,0
"Omicron (BA.2.76)",0,175,2020-08-24,18498,0
"Omicron (BA.2.76)",0,159,2020-08-31,18505,0
"Omicron (BA.2.76)",0,185,2020-09-07,18512,0
"Omicron (BA.2.76)",0,159,2020-09-14,18519,0
"Omicron (BA.2.76)",0,97,2020-09-21,18526,0
"Omicron (BA.2.76)",0,177,2020-09-28,18533,0
"Omicron (BA.2.76)",0,106,2020-10-05,18540,0
"Omicron (BA.2.76)",0,63,2020-10-12,18547,0
"Omicron (BA.2.76)",0,97,2020-10-19,18554,0
"Omicron (BA.2.76)",0,90,2020-10-26,18561,0
"Omicron (BA.2.76)",0,148,2020-11-02,18568,0
"Omicron (BA.2.76)",0,127,2020-11-09,18575,0
"Omicron (BA.2.76)",0,128,2020-11-16,18582,0
"Omicron (BA.2.76)",0,448,2020-11-23,18589,0
"Omicron (BA.2.76)",0,468,2020-11-30,18596,0
"Omicron (BA.2.76)",0,418,2020-12-07,18603,0
"Omicron (BA.2.76)",0,623,2020-12-14,18610,0
"Omicron (BA.2.76)",0,552,2020-12-21,18617,0
"Omicron (BA.2.76)",0,232,2020-12-28,18624,0
"Omicron (BA.2.76)",0,310,2021-01-04,18631,0
"Omicron (BA.2.76)",0,340,2021-01-11,18638,0
"Omicron (BA.2.76)",0,346,2021-01-18,18645,0
"Omicron (BA.2.76)",0,274,2021-01-25,18652,0
"Omicron (BA.2.76)",0,545,2021-02-01,18659,0
"Omicron (BA.2.76)",0,524,2021-02-08,18666,0
"Omicron (BA.2.76)",0,843,2021-02-15,18673,0
"Omicron (BA.2.76)",0,978,2021-02-22,18680,0
"Omicron (BA.2.76)",0,1000,2021-03-01,18687,0
"Omicron (BA.2.76)",0,1382,2021-03-08,18694,0
"Omicron (BA.2.76)",0,1575,2021-03-15,18701,0
"Omicron (BA.2.76)",0,1595,2021-03-22,18708,0
"Omicron (BA.2.76)",0,1961,2021-03-29,18715,0
"Omicron (BA.2.76)",0,2555,2021-04-05,18722,0
"Omicron (BA.2.76)",0,2612,2021-04-12,18729,0
"Omicron (BA.2.76)",0,2227,2021-04-19,18736,0
"Omicron (BA.2.76)",0,3435,2021-04-26,18743,0
"Omicron (BA.2.76)",0,2296,2021-05-03,18750,0
"Omicron (BA.2.76)",0,1803,2021-05-10,18757,0
"Omicron (BA.2.76)",0,1902,2021-05-17,18764,0
"Omicron (BA.2.76)",0,1292,2021-05-24,18771,0
"Omicron (BA.2.76)",0,1252,2021-05-31,18778,0
"Omicron (BA.2.76)",0,1054,2021-06-07,18785,0
"Omicron (BA.2.76)",0,1043,2021-06-14,18792,0
"Omicron (BA.2.76)",0,961,2021-06-21,18799,0
"Omicron (BA.2.76)",0,805,2021-06-28,18806,0
"Omicron (BA.2.76)",0,706,2021-07-05,18813,0
"Omicron (BA.2.76)",0,809,2021-07-12,18820,0
"Omicron (BA.2.76)",0,736,2021-07-19,18827,0
"Omicron (BA.2.76)",0,576,2021-07-26,18834,0
"Omicron (BA.2.76)",0,828,2021-08-02,18841,0
"Omicron (BA.2.76)",0,875,2021-08-09,18848,0
"Omicron (BA.2.76)",0,868,2021-08-16,18855,0
"Omicron (BA.2.76)",0,1195,2021-08-23,18862,0
"Omicron (BA.2.76)",0,1169,2021-08-30,18869,0
"Omicron (BA.2.76)",0,1133,2021-09-06,18876,0
"Omicron (BA.2.76)",0,1133,2021-09-13,18883,0
"Omicron (BA.2.76)",0,1111,2021-09-20,18890,0
"Omicron (BA.2.76)",0,995,2021-09-27,18897,0
"Omicron (BA.2.76)",0,1298,2021-10-04,18904,0
"Omicron (BA.2.76)",0,1099,2021-10-11,18911,0
"Omicron (BA.2.76)",0,1143,2021-10-18,18918,0
"Omicron (BA.2.76)",0,1161,2021-10-25,18925,0
"Omicron (BA.2.76)",0,1107,2021-11-01,18932,0
"Omicron (BA.2.76)",0,1170,2021-11-08,18939,0
"Omicron (BA.2.76)",0,962,2021-11-15,18946,0
"Omicron (BA.2.76)",0,1161,2021-11-22,18953,0
"Omicron (BA.2.76)",0,1275,2021-11-29,18960,0
"Omicron (BA.2.76)",0,1434,2021-12-06,18967,0
"Omicron (BA.2.76)",0,1502,2021-12-13,18974,0
"Omicron (BA.2.76)",0,4167,2021-12-20,18981,0
"Omicron (BA.2.76)",0,6457,2021-12-27,18988,0
"Omicron (BA.2.76)",0,3722,2022-01-03,18995,0
"Omicron (BA.2.76)",0,2679,2022-01-10,19002,0
"Omicron (BA.2.76)",0,4044,2022-01-17,19009,0
"Omicron (BA.2.76)",0,1801,2022-01-24,19016,0
"Omicron (BA.2.76)",0,3328,2022-01-31,19023,0
"Omicron (BA.2.76)",0,1563,2022-02-07,19030,0
"Omicron (BA.2.76)",0,1704,2022-02-14,19037,0
"Omicron (BA.2.76)",0,887,2022-02-21,19044,0
"Omicron (BA.2.76)",0,624,2022-02-28,19051,0
"Omicron (BA.2.76)",0,355,2022-03-07,19058,0
"Omicron (BA.2.76)",0,189,2022-03-14,19065,0
"Omicron (BA.2.76)",0,184,2022-03-21,19072,0
"Omicron (BA.2.76)",0,161,2022-03-28,19079,0
"Omicron (BA.2.76)",0,314,2022-04-04,19086,0
"Omicron (BA.2.76)",2,490,2022-04-11,19093,0.00408163265306122
"Omicron (BA.2.76)",4,433,2022-04-18,19100,0.0092378752886836
"Omicron (BA.2.76)",5,505,2022-04-25,19107,0.0099009900990099
"Omicron (BA.2.76)",11,576,2022-05-02,19114,0.0190972222222222
"Omicron (BA.2.76)",20,486,2022-05-09,19121,0.0411522633744856
"Omicron (BA.2.76)",14,461,2022-05-16,19128,0.0303687635574837
"Omicron (BA.2.76)",29,571,2022-05-23,19135,0.0507880910683012
"Omicron (BA.2.76)",58,921,2022-05-30,19142,0.0629750271444083
"Omicron (BA.2.76)",134,1317,2022-06-06,19149,0.101746393318147
"Omicron (BA.2.76)",306,1636,2022-06-13,19156,0.187041564792176
"Omicron (BA.2.76)",233,870,2022-06-20,19163,0.267816091954023
"Omicron (BA.2.76)",58,167,2022-06-27,19170,0.347305389221557
"Omicron (BA.3)",0,211,2020-06-01,18414,0
"Omicron (BA.3)",0,314,2020-06-08,18421,0
"Omicron (BA.3)",0,346,2020-06-15,18428,0
"Omicron (BA.3)",0,116,2020-06-22,18435,0
"Omicron (BA.3)",0,43,2020-06-29,18442,0
"Omicron (BA.3)",0,100,2020-07-06,18449,0
"Omicron (BA.3)",0,175,2020-07-13,18456,0
"Omicron (BA.3)",0,86,2020-07-20,18463,0
"Omicron (BA.3)",0,100,2020-07-27,18470,0
"Omicron (BA.3)",0,109,2020-08-03,18477,0
"Omicron (BA.3)",0,211,2020-08-10,18484,0
"Omicron (BA.3)",0,58,2020-08-17,18491,0
"Omicron (BA.3)",0,175,2020-08-24,18498,0
"Omicron (BA.3)",0,159,2020-08-31,18505,0
"Omicron (BA.3)",0,185,2020-09-07,18512,0
"Omicron (BA.3)",0,159,2020-09-14,18519,0
"Omicron (BA.3)",0,97,2020-09-21,18526,0
"Omicron (BA.3)",0,177,2020-09-28,18533,0
"Omicron (BA.3)",0,106,2020-10-05,18540,0
"Omicron (BA.3)",0,63,2020-10-12,18547,0
"Omicron (BA.3)",0,97,2020-10-19,18554,0
"Omicron (BA.3)",0,90,2020-10-26,18561,0
"Omicron (BA.3)",0,148,2020-11-02,18568,0
"Omicron (BA.3)",0,127,2020-11-09,18575,0
"Omicron (BA.3)",0,128,2020-11-16,18582,0
"Omicron (BA.3)",0,448,2020-11-23,18589,0
"Omicron (BA.3)",0,468,2020-11-30,18596,0
"Omicron (BA.3)",0,418,2020-12-07,18603,0
"Omicron (BA.3)",0,623,2020-12-14,18610,0
"Omicron (BA.3)",0,552,2020-12-21,18617,0
"Omicron (BA.3)",0,232,2020-12-28,18624,0
"Omicron (BA.3)",0,310,2021-01-04,18631,0
"Omicron (BA.3)",0,340,2021-01-11,18638,0
"Omicron (BA.3)",0,346,2021-01-18,18645,0
"Omicron (BA.3)",0,274,2021-01-25,18652,0
"Omicron (BA.3)",0,545,2021-02-01,18659,0
"Omicron (BA.3)",0,524,2021-02-08,18666,0
"Omicron (BA.3)",0,843,2021-02-15,18673,0
"Omicron (BA.3)",0,978,2021-02-22,18680,0
"Omicron (BA.3)",0,1000,2021-03-01,18687,0
"Omicron (BA.3)",0,1382,2021-03-08,18694,0
"Omicron (BA.3)",0,1575,2021-03-15,18701,0
"Omicron (BA.3)",0,1595,2021-03-22,18708,0
"Omicron (BA.3)",0,1961,2021-03-29,18715,0
"Omicron (BA.3)",0,2555,2021-04-05,18722,0
"Omicron (BA.3)",0,2612,2021-04-12,18729,0
"Omicron (BA.3)",0,2227,2021-04-19,18736,0
"Omicron (BA.3)",0,3435,2021-04-26,18743,0
"Omicron (BA.3)",0,2296,2021-05-03,18750,0
"Omicron (BA.3)",0,1803,2021-05-10,18757,0
"Omicron (BA.3)",0,1902,2021-05-17,18764,0
"Omicron (BA.3)",0,1292,2021-05-24,18771,0
"Omicron (BA.3)",0,1252,2021-05-31,18778,0
"Omicron (BA.3)",0,1054,2021-06-07,18785,0
"Omicron (BA.3)",0,1043,2021-06-14,18792,0
"Omicron (BA.3)",0,961,2021-06-21,18799,0
"Omicron (BA.3)",0,805,2021-06-28,18806,0
"Omicron (BA.3)",0,706,2021-07-05,18813,0
"Omicron (BA.3)",0,809,2021-07-12,18820,0
"Omicron (BA.3)",0,736,2021-07-19,18827,0
"Omicron (BA.3)",0,576,2021-07-26,18834,0
"Omicron (BA.3)",0,828,2021-08-02,18841,0
"Omicron (BA.3)",0,875,2021-08-09,18848,0
"Omicron (BA.3)",0,868,2021-08-16,18855,0
"Omicron (BA.3)",0,1195,2021-08-23,18862,0
"Omicron (BA.3)",0,1169,2021-08-30,18869,0
"Omicron (BA.3)",0,1133,2021-09-06,18876,0
"Omicron (BA.3)",0,1133,2021-09-13,18883,0
"Omicron (BA.3)",0,1111,2021-09-20,18890,0
"Omicron (BA.3)",0,995,2021-09-27,18897,0
"Omicron (BA.3)",0,1298,2021-10-04,18904,0
"Omicron (BA.3)",0,1099,2021-10-11,18911,0
"Omicron (BA.3)",0,1143,2021-10-18,18918,0
"Omicron (BA.3)",0,1161,2021-10-25,18925,0
"Omicron (BA.3)",0,1107,2021-11-01,18932,0
"Omicron (BA.3)",0,1170,2021-11-08,18939,0
"Omicron (BA.3)",0,962,2021-11-15,18946,0
"Omicron (BA.3)",0,1161,2021-11-22,18953,0
"Omicron (BA.3)",0,1275,2021-11-29,18960,0
"Omicron (BA.3)",0,1434,2021-12-06,18967,0
"Omicron (BA.3)",0,1502,2021-12-13,18974,0
"Omicron (BA.3)",0,4167,2021-12-20,18981,0
"Omicron (BA.3)",3,6457,2021-12-27,18988,0.000464612048939136
"Omicron (BA.3)",2,3722,2022-01-03,18995,0.000537345513164965
"Omicron (BA.3)",2,2679,2022-01-10,19002,0.000746547219111609
"Omicron (BA.3)",3,4044,2022-01-17,19009,0.000741839762611276
"Omicron (BA.3)",2,1801,2022-01-24,19016,0.00111049416990561
"Omicron (BA.3)",2,3328,2022-01-31,19023,0.000600961538461538
"Omicron (BA.3)",0,1563,2022-02-07,19030,0
"Omicron (BA.3)",0,1704,2022-02-14,19037,0
"Omicron (BA.3)",0,887,2022-02-21,19044,0
"Omicron (BA.3)",0,624,2022-02-28,19051,0
"Omicron (BA.3)",0,355,2022-03-07,19058,0
"Omicron (BA.3)",0,189,2022-03-14,19065,0
"Omicron (BA.3)",1,184,2022-03-21,19072,0.00543478260869565
"Omicron (BA.3)",1,161,2022-03-28,19079,0.0062111801242236
"Omicron (BA.3)",0,314,2022-04-04,19086,0
"Omicron (BA.3)",9,490,2022-04-11,19093,0.0183673469387755
"Omicron (BA.3)",14,433,2022-04-18,19100,0.0323325635103926
"Omicron (BA.3)",0,505,2022-04-25,19107,0
"Omicron (BA.3)",8,576,2022-05-02,19114,0.0138888888888889
"Omicron (BA.3)",0,486,2022-05-09,19121,0
"Omicron (BA.3)",0,461,2022-05-16,19128,0
"Omicron (BA.3)",1,571,2022-05-23,19135,0.00175131348511384
"Omicron (BA.3)",1,921,2022-05-30,19142,0.001085776330076
"Omicron (BA.3)",9,1317,2022-06-06,19149,0.00683371298405467
"Omicron (BA.3)",32,1636,2022-06-13,19156,0.019559902200489
"Omicron (BA.3)",2,870,2022-06-20,19163,0.00229885057471264
"Omicron (BA.3)",0,167,2022-06-27,19170,0
"Omicron (BA.4)",0,211,2020-06-01,18414,0
"Omicron (BA.4)",0,314,2020-06-08,18421,0
"Omicron (BA.4)",0,346,2020-06-15,18428,0
"Omicron (BA.4)",0,116,2020-06-22,18435,0
"Omicron (BA.4)",0,43,2020-06-29,18442,0
"Omicron (BA.4)",0,100,2020-07-06,18449,0
"Omicron (BA.4)",0,175,2020-07-13,18456,0
"Omicron (BA.4)",0,86,2020-07-20,18463,0
"Omicron (BA.4)",0,100,2020-07-27,18470,0
"Omicron (BA.4)",0,109,2020-08-03,18477,0
"Omicron (BA.4)",0,211,2020-08-10,18484,0
"Omicron (BA.4)",0,58,2020-08-17,18491,0
"Omicron (BA.4)",0,175,2020-08-24,18498,0
"Omicron (BA.4)",0,159,2020-08-31,18505,0
"Omicron (BA.4)",0,185,2020-09-07,18512,0
"Omicron (BA.4)",0,159,2020-09-14,18519,0
"Omicron (BA.4)",0,97,2020-09-21,18526,0
"Omicron (BA.4)",0,177,2020-09-28,18533,0
"Omicron (BA.4)",0,106,2020-10-05,18540,0
"Omicron (BA.4)",0,63,2020-10-12,18547,0
"Omicron (BA.4)",0,97,2020-10-19,18554,0
"Omicron (BA.4)",0,90,2020-10-26,18561,0
"Omicron (BA.4)",0,148,2020-11-02,18568,0
"Omicron (BA.4)",0,127,2020-11-09,18575,0
"Omicron (BA.4)",0,128,2020-11-16,18582,0
"Omicron (BA.4)",0,448,2020-11-23,18589,0
"Omicron (BA.4)",0,468,2020-11-30,18596,0
"Omicron (BA.4)",0,418,2020-12-07,18603,0
"Omicron (BA.4)",0,623,2020-12-14,18610,0
"Omicron (BA.4)",0,552,2020-12-21,18617,0
"Omicron (BA.4)",0,232,2020-12-28,18624,0
"Omicron (BA.4)",0,310,2021-01-04,18631,0
"Omicron (BA.4)",0,340,2021-01-11,18638,0
"Omicron (BA.4)",0,346,2021-01-18,18645,0
"Omicron (BA.4)",0,274,2021-01-25,18652,0
"Omicron (BA.4)",0,545,2021-02-01,18659,0
"Omicron (BA.4)",0,524,2021-02-08,18666,0
"Omicron (BA.4)",0,843,2021-02-15,18673,0
"Omicron (BA.4)",0,978,2021-02-22,18680,0
"Omicron (BA.4)",0,1000,2021-03-01,18687,0
"Omicron (BA.4)",0,1382,2021-03-08,18694,0
"Omicron (BA.4)",0,1575,2021-03-15,18701,0
"Omicron (BA.4)",0,1595,2021-03-22,18708,0
"Omicron (BA.4)",0,1961,2021-03-29,18715,0
"Omicron (BA.4)",0,2555,2021-04-05,18722,0
"Omicron (BA.4)",0,2612,2021-04-12,18729,0
"Omicron (BA.4)",0,2227,2021-04-19,18736,0
"Omicron (BA.4)",0,3435,2021-04-26,18743,0
"Omicron (BA.4)",0,2296,2021-05-03,18750,0
"Omicron (BA.4)",0,1803,2021-05-10,18757,0
"Omicron (BA.4)",0,1902,2021-05-17,18764,0
"Omicron (BA.4)",0,1292,2021-05-24,18771,0
"Omicron (BA.4)",0,1252,2021-05-31,18778,0
"Omicron (BA.4)",0,1054,2021-06-07,18785,0
"Omicron (BA.4)",0,1043,2021-06-14,18792,0
"Omicron (BA.4)",0,961,2021-06-21,18799,0
"Omicron (BA.4)",0,805,2021-06-28,18806,0
"Omicron (BA.4)",0,706,2021-07-05,18813,0
"Omicron (BA.4)",0,809,2021-07-12,18820,0
"Omicron (BA.4)",0,736,2021-07-19,18827,0
"Omicron (BA.4)",0,576,2021-07-26,18834,0
"Omicron (BA.4)",0,828,2021-08-02,18841,0
"Omicron (BA.4)",0,875,2021-08-09,18848,0
"Omicron (BA.4)",0,868,2021-08-16,18855,0
"Omicron (BA.4)",0,1195,2021-08-23,18862,0
"Omicron (BA.4)",0,1169,2021-08-30,18869,0
"Omicron (BA.4)",0,1133,2021-09-06,18876,0
"Omicron (BA.4)",0,1133,2021-09-13,18883,0
"Omicron (BA.4)",0,1111,2021-09-20,18890,0
"Omicron (BA.4)",0,995,2021-09-27,18897,0
"Omicron (BA.4)",0,1298,2021-10-04,18904,0
"Omicron (BA.4)",0,1099,2021-10-11,18911,0
"Omicron (BA.4)",0,1143,2021-10-18,18918,0
"Omicron (BA.4)",0,1161,2021-10-25,18925,0
"Omicron (BA.4)",0,1107,2021-11-01,18932,0
"Omicron (BA.4)",0,1170,2021-11-08,18939,0
"Omicron (BA.4)",0,962,2021-11-15,18946,0
"Omicron (BA.4)",0,1161,2021-11-22,18953,0
"Omicron (BA.4)",0,1275,2021-11-29,18960,0
"Omicron (BA.4)",0,1434,2021-12-06,18967,0
"Omicron (BA.4)",0,1502,2021-12-13,18974,0
"Omicron (BA.4)",0,4167,2021-12-20,18981,0
"Omicron (BA.4)",0,6457,2021-12-27,18988,0
"Omicron (BA.4)",0,3722,2022-01-03,18995,0
"Omicron (BA.4)",0,2679,2022-01-10,19002,0
"Omicron (BA.4)",0,4044,2022-01-17,19009,0
"Omicron (BA.4)",0,1801,2022-01-24,19016,0
"Omicron (BA.4)",0,3328,2022-01-31,19023,0
"Omicron (BA.4)",0,1563,2022-02-07,19030,0
"Omicron (BA.4)",0,1704,2022-02-14,19037,0
"Omicron (BA.4)",0,887,2022-02-21,19044,0
"Omicron (BA.4)",0,624,2022-02-28,19051,0
"Omicron (BA.4)",0,355,2022-03-07,19058,0
"Omicron (BA.4)",0,189,2022-03-14,19065,0
"Omicron (BA.4)",0,184,2022-03-21,19072,0
"Omicron (BA.4)",0,161,2022-03-28,19079,0
"Omicron (BA.4)",0,314,2022-04-04,19086,0
"Omicron (BA.4)",0,490,2022-04-11,19093,0
"Omicron (BA.4)",0,433,2022-04-18,19100,0
"Omicron (BA.4)",0,505,2022-04-25,19107,0
"Omicron (BA.4)",3,576,2022-05-02,19114,0.00520833333333333
"Omicron (BA.4)",5,486,2022-05-09,19121,0.0102880658436214
"Omicron (BA.4)",9,461,2022-05-16,19128,0.0195227765726681
"Omicron (BA.4)",6,571,2022-05-23,19135,0.010507880910683
"Omicron (BA.4)",7,921,2022-05-30,19142,0.00760043431053203
"Omicron (BA.4)",16,1317,2022-06-06,19149,0.0121488230827639
"Omicron (BA.4)",23,1636,2022-06-13,19156,0.0140586797066015
"Omicron (BA.4)",3,870,2022-06-20,19163,0.00344827586206897
"Omicron (BA.4)",2,167,2022-06-27,19170,0.0119760479041916
"Omicron (BA.5)",0,211,2020-06-01,18414,0
"Omicron (BA.5)",0,314,2020-06-08,18421,0
"Omicron (BA.5)",0,346,2020-06-15,18428,0
"Omicron (BA.5)",0,116,2020-06-22,18435,0
"Omicron (BA.5)",0,43,2020-06-29,18442,0
"Omicron (BA.5)",0,100,2020-07-06,18449,0
"Omicron (BA.5)",0,175,2020-07-13,18456,0
"Omicron (BA.5)",0,86,2020-07-20,18463,0
"Omicron (BA.5)",0,100,2020-07-27,18470,0
"Omicron (BA.5)",0,109,2020-08-03,18477,0
"Omicron (BA.5)",0,211,2020-08-10,18484,0
"Omicron (BA.5)",0,58,2020-08-17,18491,0
"Omicron (BA.5)",0,175,2020-08-24,18498,0
"Omicron (BA.5)",0,159,2020-08-31,18505,0
"Omicron (BA.5)",0,185,2020-09-07,18512,0
"Omicron (BA.5)",0,159,2020-09-14,18519,0
"Omicron (BA.5)",0,97,2020-09-21,18526,0
"Omicron (BA.5)",0,177,2020-09-28,18533,0
"Omicron (BA.5)",0,106,2020-10-05,18540,0
"Omicron (BA.5)",0,63,2020-10-12,18547,0
"Omicron (BA.5)",0,97,2020-10-19,18554,0
"Omicron (BA.5)",0,90,2020-10-26,18561,0
"Omicron (BA.5)",0,148,2020-11-02,18568,0
"Omicron (BA.5)",0,127,2020-11-09,18575,0
"Omicron (BA.5)",0,128,2020-11-16,18582,0
"Omicron (BA.5)",0,448,2020-11-23,18589,0
"Omicron (BA.5)",0,468,2020-11-30,18596,0
"Omicron (BA.5)",0,418,2020-12-07,18603,0
"Omicron (BA.5)",0,623,2020-12-14,18610,0
"Omicron (BA.5)",0,552,2020-12-21,18617,0
"Omicron (BA.5)",0,232,2020-12-28,18624,0
"Omicron (BA.5)",0,310,2021-01-04,18631,0
"Omicron (BA.5)",0,340,2021-01-11,18638,0
"Omicron (BA.5)",0,346,2021-01-18,18645,0
"Omicron (BA.5)",0,274,2021-01-25,18652,0
"Omicron (BA.5)",0,545,2021-02-01,18659,0
"Omicron (BA.5)",0,524,2021-02-08,18666,0
"Omicron (BA.5)",0,843,2021-02-15,18673,0
"Omicron (BA.5)",0,978,2021-02-22,18680,0
"Omicron (BA.5)",0,1000,2021-03-01,18687,0
"Omicron (BA.5)",0,1382,2021-03-08,18694,0
"Omicron (BA.5)",0,1575,2021-03-15,18701,0
"Omicron (BA.5)",0,1595,2021-03-22,18708,0
"Omicron (BA.5)",0,1961,2021-03-29,18715,0
"Omicron (BA.5)",0,2555,2021-04-05,18722,0
"Omicron (BA.5)",0,2612,2021-04-12,18729,0
"Omicron (BA.5)",0,2227,2021-04-19,18736,0
"Omicron (BA.5)",0,3435,2021-04-26,18743,0
"Omicron (BA.5)",0,2296,2021-05-03,18750,0
"Omicron (BA.5)",0,1803,2021-05-10,18757,0
"Omicron (BA.5)",0,1902,2021-05-17,18764,0
"Omicron (BA.5)",0,1292,2021-05-24,18771,0
"Omicron (BA.5)",0,1252,2021-05-31,18778,0
"Omicron (BA.5)",0,1054,2021-06-07,18785,0
"Omicron (BA.5)",0,1043,2021-06-14,18792,0
"Omicron (BA.5)",0,961,2021-06-21,18799,0
"Omicron (BA.5)",0,805,2021-06-28,18806,0
"Omicron (BA.5)",0,706,2021-07-05,18813,0
"Omicron (BA.5)",0,809,2021-07-12,18820,0
"Omicron (BA.5)",0,736,2021-07-19,18827,0
"Omicron (BA.5)",0,576,2021-07-26,18834,0
"Omicron (BA.5)",0,828,2021-08-02,18841,0
"Omicron (BA.5)",0,875,2021-08-09,18848,0
"Omicron (BA.5)",0,868,2021-08-16,18855,0
"Omicron (BA.5)",0,1195,2021-08-23,18862,0
"Omicron (BA.5)",0,1169,2021-08-30,18869,0
"Omicron (BA.5)",0,1133,2021-09-06,18876,0
"Omicron (BA.5)",0,1133,2021-09-13,18883,0
"Omicron (BA.5)",0,1111,2021-09-20,18890,0
"Omicron (BA.5)",0,995,2021-09-27,18897,0
"Omicron (BA.5)",0,1298,2021-10-04,18904,0
"Omicron (BA.5)",0,1099,2021-10-11,18911,0
"Omicron (BA.5)",0,1143,2021-10-18,18918,0
"Omicron (BA.5)",0,1161,2021-10-25,18925,0
"Omicron (BA.5)",0,1107,2021-11-01,18932,0
"Omicron (BA.5)",0,1170,2021-11-08,18939,0
"Omicron (BA.5)",0,962,2021-11-15,18946,0
"Omicron (BA.5)",0,1161,2021-11-22,18953,0
"Omicron (BA.5)",0,1275,2021-11-29,18960,0
"Omicron (BA.5)",0,1434,2021-12-06,18967,0
"Omicron (BA.5)",0,1502,2021-12-13,18974,0
"Omicron (BA.5)",0,4167,2021-12-20,18981,0
"Omicron (BA.5)",0,6457,2021-12-27,18988,0
"Omicron (BA.5)",0,3722,2022-01-03,18995,0
"Omicron (BA.5)",0,2679,2022-01-10,19002,0
"Omicron (BA.5)",0,4044,2022-01-17,19009,0
"Omicron (BA.5)",0,1801,2022-01-24,19016,0
"Omicron (BA.5)",0,3328,2022-01-31,19023,0
"Omicron (BA.5)",0,1563,2022-02-07,19030,0
"Omicron (BA.5)",0,1704,2022-02-14,19037,0
"Omicron (BA.5)",0,887,2022-02-21,19044,0
"Omicron (BA.5)",0,624,2022-02-28,19051,0
"Omicron (BA.5)",0,355,2022-03-07,19058,0
"Omicron (BA.5)",0,189,2022-03-14,19065,0
"Omicron (BA.5)",0,184,2022-03-21,19072,0
"Omicron (BA.5)",0,161,2022-03-28,19079,0
"Omicron (BA.5)",0,314,2022-04-04,19086,0
"Omicron (BA.5)",0,490,2022-04-11,19093,0
"Omicron (BA.5)",0,433,2022-04-18,19100,0
"Omicron (BA.5)",2,505,2022-04-25,19107,0.00396039603960396
"Omicron (BA.5)",5,576,2022-05-02,19114,0.00868055555555556
"Omicron (BA.5)",5,486,2022-05-09,19121,0.0102880658436214
"Omicron (BA.5)",9,461,2022-05-16,19128,0.0195227765726681
"Omicron (BA.5)",21,571,2022-05-23,19135,0.0367775831873905
"Omicron (BA.5)",79,921,2022-05-30,19142,0.0857763300760043
"Omicron (BA.5)",142,1317,2022-06-06,19149,0.107820804859529
"Omicron (BA.5)",270,1636,2022-06-13,19156,0.165036674816626
"Omicron (BA.5)",119,870,2022-06-20,19163,0.136781609195402
"Omicron (BA.5)",9,167,2022-06-27,19170,0.0538922155688623
"Other",210,211,2020-06-01,18414,0.995260663507109
"Other",314,314,2020-06-08,18421,1
"Other",346,346,2020-06-15,18428,1
"Other",116,116,2020-06-22,18435,1
"Other",43,43,2020-06-29,18442,1
"Other",99,100,2020-07-06,18449,0.99
"Other",175,175,2020-07-13,18456,1
"Other",86,86,2020-07-20,18463,1
"Other",100,100,2020-07-27,18470,1
"Other",109,109,2020-08-03,18477,1
"Other",210,211,2020-08-10,18484,0.995260663507109
"Other",58,58,2020-08-17,18491,1
"Other",173,175,2020-08-24,18498,0.988571428571429
"Other",157,159,2020-08-31,18505,0.987421383647799
"Other",179,185,2020-09-07,18512,0.967567567567568
"Other",158,159,2020-09-14,18519,0.993710691823899
"Other",97,97,2020-09-21,18526,1
"Other",176,177,2020-09-28,18533,0.994350282485876
"Other",106,106,2020-10-05,18540,1
"Other",63,63,2020-10-12,18547,1
"Other",97,97,2020-10-19,18554,1
"Other",89,90,2020-10-26,18561,0.988888888888889
"Other",142,148,2020-11-02,18568,0.959459459459459
"Other",120,127,2020-11-09,18575,0.94488188976378
"Other",125,128,2020-11-16,18582,0.9765625
"Other",439,448,2020-11-23,18589,0.979910714285714
"Other",462,468,2020-11-30,18596,0.987179487179487
"Other",409,418,2020-12-07,18603,0.978468899521531
"Other",614,623,2020-12-14,18610,0.985553772070626
"Other",515,552,2020-12-21,18617,0.932971014492754
"Other",216,232,2020-12-28,18624,0.931034482758621
"Other",269,310,2021-01-04,18631,0.867741935483871
"Other",311,340,2021-01-11,18638,0.914705882352941
"Other",327,346,2021-01-18,18645,0.945086705202312
"Other",252,274,2021-01-25,18652,0.91970802919708
"Other",485,545,2021-02-01,18659,0.889908256880734
"Other",391,524,2021-02-08,18666,0.74618320610687
"Other",748,843,2021-02-15,18673,0.887307236061684
"Other",838,978,2021-02-22,18680,0.856850715746421
"Other",808,1000,2021-03-01,18687,0.808
"Other",936,1382,2021-03-08,18694,0.677279305354559
"Other",992,1575,2021-03-15,18701,0.62984126984127
"Other",963,1595,2021-03-22,18708,0.603761755485893
"Other",990,1961,2021-03-29,18715,0.504844467108618
"Other",983,2555,2021-04-05,18722,0.384735812133072
"Other",705,2612,2021-04-12,18729,0.269908116385911
"Other",433,2227,2021-04-19,18736,0.194431971261787
"Other",533,3435,2021-04-26,18743,0.155167394468705
"Other",270,2296,2021-05-03,18750,0.117595818815331
"Other",153,1803,2021-05-10,18757,0.0848585690515807
"Other",264,1902,2021-05-17,18764,0.138801261829653
"Other",183,1292,2021-05-24,18771,0.141640866873065
"Other",134,1252,2021-05-31,18778,0.10702875399361
"Other",77,1054,2021-06-07,18785,0.0730550284629981
"Other",66,1043,2021-06-14,18792,0.0632790028763183
"Other",63,961,2021-06-21,18799,0.0655567117585848
"Other",49,805,2021-06-28,18806,0.0608695652173913
"Other",31,706,2021-07-05,18813,0.0439093484419263
"Other",66,809,2021-07-12,18820,0.0815822002472188
"Other",40,736,2021-07-19,18827,0.0543478260869565
"Other",21,576,2021-07-26,18834,0.0364583333333333
"Other",46,828,2021-08-02,18841,0.0555555555555556
"Other",29,875,2021-08-09,18848,0.0331428571428571
"Other",15,868,2021-08-16,18855,0.0172811059907834
"Other",49,1195,2021-08-23,18862,0.0410041841004184
"Other",25,1169,2021-08-30,18869,0.0213857998289136
"Other",29,1133,2021-09-06,18876,0.0255957634598411
"Other",12,1133,2021-09-13,18883,0.0105913503971756
"Other",17,1111,2021-09-20,18890,0.0153015301530153
"Other",25,995,2021-09-27,18897,0.0251256281407035
"Other",42,1298,2021-10-04,18904,0.0323574730354391
"Other",25,1099,2021-10-11,18911,0.0227479526842584
"Other",33,1143,2021-10-18,18918,0.0288713910761155
"Other",17,1161,2021-10-25,18925,0.0146425495262705
"Other",24,1107,2021-11-01,18932,0.021680216802168
"Other",47,1170,2021-11-08,18939,0.0401709401709402
"Other",28,962,2021-11-15,18946,0.0291060291060291
"Other",23,1161,2021-11-22,18953,0.0198105081826012
"Other",31,1275,2021-11-29,18960,0.0243137254901961
"Other",57,1434,2021-12-06,18967,0.0397489539748954
"Other",38,1502,2021-12-13,18974,0.0252996005326232
"Other",117,4167,2021-12-20,18981,0.0280777537796976
"Other",331,6457,2021-12-27,18988,0.0512621960662847
"Other",257,3722,2022-01-03,18995,0.069048898441698
"Other",186,2679,2022-01-10,19002,0.0694288913773796
"Other",273,4044,2022-01-17,19009,0.0675074183976261
"Other",90,1801,2022-01-24,19016,0.0499722376457524
"Other",148,3328,2022-01-31,19023,0.0444711538461538
"Other",71,1563,2022-02-07,19030,0.0454254638515675
"Other",67,1704,2022-02-14,19037,0.0393192488262911
"Other",25,887,2022-02-21,19044,0.028184892897407
"Other",16,624,2022-02-28,19051,0.0256410256410256
"Other",9,355,2022-03-07,19058,0.0253521126760563
"Other",12,189,2022-03-14,19065,0.0634920634920635
"Other",3,184,2022-03-21,19072,0.016304347826087
"Other",5,161,2022-03-28,19079,0.031055900621118
"Other",4,314,2022-04-04,19086,0.0127388535031847
"Other",5,490,2022-04-11,19093,0.0102040816326531
"Other",3,433,2022-04-18,19100,0.0069284064665127
"Other",6,505,2022-04-25,19107,0.0118811881188119
"Other",2,576,2022-05-02,19114,0.00347222222222222
"Other",4,486,2022-05-09,19121,0.00823045267489712
"Other",5,461,2022-05-16,19128,0.0108459869848156
"Other",6,571,2022-05-23,19135,0.010507880910683
"Other",11,921,2022-05-30,19142,0.011943539630836
"Other",20,1317,2022-06-06,19149,0.0151860288534548
"Other",83,1636,2022-06-13,19156,0.0507334963325183
"Other",94,870,2022-06-20,19163,0.108045977011494
"Other",0,167,2022-06-27,19170,0
