"","x1","x2","clus","y"
"1",-0.790410589553459,-0.150965401907553,8,-0.332870234566465
"2",-0.663692768709657,-0.250219659579478,9,-0.170826603693892
"3",-0.554690577361199,1.04025860675807,4,-2.03944980412356
"4",-0.726408749984104,0.330755894096358,2,-2.26849340590748
"5",-0.648805127392731,-0.0962563865462789,5,-0.358851742160896
"6",0.0566805760203192,-1.30972884785617,6,-1.01043425182714
"7",-1.96402413399136,1.52301038639087,9,-3.22024999208012
"8",1.05300867485704,-0.394476931268872,4,-0.694339129184442
"9",-0.266235678711121,1.54213905247371,4,0.978460276159325
"10",2.04069607132139,0.902894850070955,1,3.92181174296001
"11",-0.301123879771433,0.61317985319959,7,0.677264646056445
"12",-0.287212941121623,0.71399560839863,9,1.0362040907141
"13",1.71275678269503,0.0923488126592941,9,3.86862378256201
"14",-1.24320743943394,-1.30099274753698,4,-0.00197477667954848
"15",0.137063487989253,-0.294699578308429,9,1.0414095105497
"16",-0.460052510918068,-0.497774084916787,8,-0.0548147027549715
"17",-0.152702198263284,0.0532180826406295,6,1.57479505253431
"18",-0.504364098426196,1.21278470933198,9,0.52777655997026
"19",-2.09115840839816,-0.28218509467697,3,-1.13329321769446
"20",1.88513032370692,0.75958658937113,10,6.88649417709396
"21",-1.42846004954197,0.421795114520855,7,-1.09444842187332
"22",-0.0869791846453932,-1.16691448106177,10,-0.115273398256576
"23",-0.53099174455521,0.220878552398896,8,-0.710791088613036
"24",0.60666247806902,-0.412483829378541,4,0.219361686472365
"25",-0.302109148833589,-0.246735206727923,1,-0.601482331802597
"26",-0.577632637103732,0.258430392718376,10,0.513667046872616
"27",-1.05033995676996,0.550380389768402,2,-2.15020344995065
"28",-0.254406036897671,0.234941177544128,2,-1.45429259880664
"29",0.980997664683558,-1.74765024273398,9,-2.82606984733565
"30",2.2162902555,1.12317100767061,3,5.63740943992483
"31",-0.686017646799295,-0.775872726187174,9,-0.0696294071233008
"32",1.68385439539341,0.177498892286838,2,3.83302854251956
"33",1.39268710741485,-0.564680162995564,7,0.786277099538619
"34",-1.33491564476246,-0.300604903243322,9,-0.269714240271561
"35",0.626381333881556,0.267019995816745,1,2.30504195047596
"36",-0.533948337414783,-1.77106066867132,3,-1.28448339772596
"37",0.115194655877998,0.668213871456393,7,2.6684287718736
"38",-0.0169126381757959,0.210359075129673,3,2.4466783035477
"39",2.81113605522396,0.237548439016528,1,3.0574633848793
"40",-1.01324779769064,1.3073025189451,4,0.565343418755059
"41",-0.0500887146356507,1.3705359507422,6,1.15374528924703
"42",-0.239758732479068,1.4739449703302,9,2.02587997384296
"43",-0.564529012541089,1.92758125335016,8,1.13983836451962
"44",-0.769488480539428,1.29543804374226,7,0.160364921515489
"45",-0.220692389575229,0.672721386496987,5,-0.429327145494765
"46",-1.05662428456187,-0.65254596918445,1,-0.0378154617818646
"47",-0.561892615902451,-0.585294583114671,3,-0.210630279917498
"48",-0.48315925170497,-2.36005081977686,3,-0.581136247032538
"49",-1.3936895846787,0.5927312682527,10,-1.6375194624918
"50",-0.887920996026162,2.8907200136366,9,-0.688347211078277
"51",0.240631268178944,0.455982534886577,1,1.07828386117672
"52",0.534947157148994,-1.0429660516577,6,-0.338295437486463
"53",0.0860681582880379,0.0529622797650861,5,1.94866738245521
"54",-0.138470134535445,-0.0161482888890418,10,0.731435500360279
"55",-1.93962579694482,-1.02264146311924,6,-0.640865057029214
"56",0.805482397920169,0.470887604091482,1,2.94964119264089
"57",-0.999380032425905,-2.1710905822442,1,0.0400698675278004
"58",0.445852056030754,-0.568946987692843,8,1.58807693047404
"59",-0.145991159966485,-1.92918415535363,8,-2.36576696779347
"60",2.42501986175962,0.51612277152432,6,3.99852525460206
"61",-0.344512287455365,0.725317014887948,9,1.27093449204515
"62",-0.92635989059208,-2.33414941015622,4,-0.416348975756772
"63",-2.17267742930355,0.301276835166025,5,-2.90280109213883
"64",-1.53491709305822,-1.30465281188707,4,0.565840852205428
"65",-0.0644057248587745,2.08803407448856,4,1.82152278816758
"66",-0.75084692006941,-0.142611619902203,6,-0.21692599122165
"67",0.701447248338862,1.45556403968079,10,3.36244978831541
"68",-0.0438132501593959,-0.132152864526903,2,0.947148064463903
"69",1.08240704540698,-0.963563320019069,3,-0.873774703052508
"70",-0.391123079991629,-0.712939711875705,2,-0.647996131428949
"71",0.738291539074588,-1.4360253823394,9,-0.870358599429426
"72",0.581169915862233,-0.850603005671878,1,-0.532540152571557
"73",0.707307642836751,0.580362309967708,6,4.33371243188323
"74",-1.47743570619676,-2.39886239926281,4,-0.144703549824868
"75",-1.55434474430346,-0.248988719531,1,-1.43236121649695
"76",0.81832661155825,-0.451719259832938,3,-0.22925247825125
"77",0.045558814359015,2.32520270628055,5,3.76362049446553
"78",1.46863395119492,-0.882801012741105,9,0.715791094455181
"79",1.18169507496517,0.303727343930229,10,1.94422169560031
"80",-0.47122719229901,-0.929752691710054,7,0.204732410624971
"81",0.710832041889221,0.157559203391218,7,-0.152158619601135
"82",0.0756255384259377,-1.40379527933763,8,-0.571662499311747
"83",0.831157387069709,-0.787217417360022,3,0.985156451381445
"84",1.02598768920923,-0.429665712071528,7,2.01949378327772
"85",-0.0338835115900591,0.633656240564408,10,1.4386982582074
"86",1.98296374263301,0.458500851820245,9,4.2167437581877
"87",0.514283418954507,-0.811485601168476,9,0.0353028342360013
"88",0.654726921530954,2.60919309105861,8,6.73793026454339
"89",0.329676094439788,-0.325516215228983,4,0.566643583320608
"90",-0.989865423734332,0.925728225792482,3,0.562346390300021
"91",-0.482772096228271,1.07436544856941,7,0.400160261390137
"92",-0.597614136595358,-0.448340639642436,8,1.16908719567331
"93",-0.0757823868249956,0.881308257894292,3,0.690065190009176
"94",-0.935647810050433,-1.58953390690304,1,-0.860188816963837
"95",1.53331273121368,-1.0126483095128,7,0.3401764366453
"96",0.459184784862741,0.231301761319098,7,1.68444456627476
"97",0.39415172462627,1.16773789340761,1,1.2865364239336
"98",1.37161542010232,-0.676055328050942,8,0.720797669084112
"99",-0.971253667540202,-1.05965504294328,3,-0.384259720328324
"100",-1.24167738754564,0.447671410090313,10,0.125508930704544
"101",-1.53060720751507,0.507677360004714,3,-1.63504738243358
"102",-0.14506405316338,1.59620462569086,3,1.71507112006406
"103",-1.17324820565198,0.812703886585971,1,-0.673729253656615
"104",-0.267289123657159,1.79581087440499,2,1.89156120615363
"105",1.13841970471585,1.43094098129825,3,3.75718426995337
"106",0.806803706714493,0.193970388696462,8,1.25490976648797
"107",0.672731832337398,1.35471880734226,2,3.63862488216788
"108",1.79822948423057,-0.588613057505481,4,0.573202099564421
"109",0.17244681204287,-0.576046944976025,4,1.09147274779326
"110",0.17012847914997,-0.549457258342574,1,-1.45800314795562
"111",-0.0419047670950747,-0.603725670718528,9,1.35948670940697
"112",1.5090294459668,-0.341280026999827,9,2.44072385211264
"113",0.296198057839079,-0.433488253103482,8,2.72874982679776
"114",0.899978919847385,-0.300395515374119,7,1.46183344274254
"115",0.641695203529834,-1.76752581753826,4,-1.6216547725942
"116",0.0771638072269265,-0.0208488640402935,7,2.10879491820299
"117",0.585545527888196,-0.671063020775591,2,0.170231811590415
"118",-0.558544734232512,-0.974555177087394,3,-1.53250552645871
"119",-0.583286836871201,-0.806152066779541,5,0.246753413230212
"120",-0.229360152961926,0.187273856522805,3,1.71491116888747
"121",-1.36021938794163,0.496307002662476,1,-0.19721803329044
"122",0.966675190266367,0.171996219499372,3,1.79411077148406
"123",-1.9664494993124,0.819605036547489,6,-3.16761330780069
"124",0.737910830236467,0.578579852566867,7,1.35426299866777
"125",-1.44991163098698,1.34516590571536,2,-2.73157555473578
"126",-0.621685566205868,-0.00370000927427452,9,0.0749766871239353
"127",0.256265111951753,0.127509131007415,7,-0.253933724389913
"128",0.0516243896571935,0.575642850092669,9,3.22229217419651
"129",-0.0165900066821642,-0.0167737355534615,7,0.938727799399306
"130",1.13492576658179,-0.399051944478121,7,1.68733249754576
"131",2.3045879380165,-1.70406746175437,5,-2.50157945633018
"132",0.825354982887342,0.866309020757481,8,1.64624800674454
"133",-0.707647764338308,-0.0453717087228526,4,-0.635184269013358
"134",-0.137391629545371,-0.436571227287458,2,-0.405458153120485
"135",-0.200019382254611,1.23730004377146,8,1.67532707927977
"136",-0.168917810743356,0.302536825814831,4,0.404951159924439
"137",0.473092661031129,0.518646703563615,7,3.08565942619264
"138",-0.985135277488499,-2.76611944799239,9,-1.0500995985658
"139",1.61712038570211,1.29856246505778,4,6.43688889198672
"140",3.00132769024499,2.04355800513398,3,10.9562666128992
"141",-0.938459588437333,-0.0926521142759379,2,-1.0075053817293
"142",-0.501773491373783,-0.116795047398617,1,0.50107158876529
"143",0.132542029626275,-0.184445112620182,8,1.51130717137494
"144",1.114694187974,0.802964223954937,8,4.56190274339411
"145",-0.301758953038547,-1.68918266092535,4,-3.26890008595293
"146",-0.124040197652214,0.851517797589273,2,0.477106611893959
"147",-0.0261526326332553,2.57970438519909,2,2.42972377883275
"148",0.414033899396764,0.684433879549935,7,2.98494328863761
"149",0.419822735033769,-0.823533617533555,1,-0.0719362869758797
"150",0.413534870898201,1.08792780071698,1,1.64516080660167
"151",1.07613799779614,0.0954367636734899,5,1.91298490826107
"152",-0.233073068953154,1.44343890072977,4,2.95733062892157
"153",0.248083553392122,-0.00198636421656589,3,0.336118365591968
"154",0.484425662123237,-0.341448519443348,9,1.13231836855848
"155",-0.00176239711840065,0.328851651898956,5,0.471220660086737
"156",-1.40838830626814,-0.897113981342582,8,-0.538973334611349
"157",-1.31256455127054,0.376996267876382,2,-1.33904624677087
"158",-1.36448025401916,0.345229649455532,4,-1.13085867786364
"159",-1.37163820086569,0.95360037222133,5,-1.49170286791335
"160",-1.51598633633763,-1.05695665126087,10,1.45459649331195
"161",0.607050315960516,-0.405314601834126,8,3.17462779522036
"162",0.75418755269134,0.0158541926921444,10,3.45777594816558
"163",-0.894924419463906,-0.329479472481996,9,-0.211458189065566
"164",-0.548135922031151,0.834121710827135,2,-0.662358087210943
"165",1.18391182829442,-0.923739620908681,1,-3.68453867549899
"166",-0.210357211521565,0.565965367297612,1,0.677755363702762
"167",-0.282719743008354,-0.766623234591641,2,-0.404977297208977
"168",0.433457872326644,-1.86555609876705,6,-1.55317042727935
"169",1.29552587620421,-1.26044180434918,8,-0.0334413145912428
"170",-0.126270071561229,2.18446797629339,9,2.03910866743713
"171",0.950609942724572,-0.0462684019677371,1,0.381550361894502
"172",-1.61554327981259,-0.319304799102671,3,-1.71064758438756
"173",0.388337150871323,0.160476412963031,7,1.89669557714593
"174",-1.13615295125969,1.60330853509101,8,-1.07079674120899
"175",0.470805390044329,-1.96289142745314,9,-3.92549115847014
"176",1.2023611202391,0.596334801960439,8,5.14440126730128
"177",0.404639467950727,-1.86216827273738,4,-1.4100692454187
"178",1.63125172243431,-0.046189631622089,3,0.530358319560876
"179",1.58382249163859,1.37934886635683,7,4.63160998278118
"180",0.783001207709126,-0.098447126817361,7,2.11052828429639
"181",-0.447087940296047,-0.152711918767259,9,0.753795295766409
"182",-0.508036656979576,0.142009110023927,6,0.0027639857261281
"183",-0.488280286735556,-0.244589644073243,7,-0.0724593013384198
"184",0.431998844374951,-0.534356677356247,1,0.46713580715716
"185",-1.09868004603684,-0.222726625342324,2,0.221795454588925
"186",-0.36989555433515,-0.146016961123942,1,1.2250270593876
"187",-0.395290533635328,1.26323627442775,10,1.81626450317571
"188",0.357175121028591,-0.292460993528603,5,-0.472368155783104
"189",-0.419085102150305,-0.0123512836823931,10,1.52658256930876
"190",0.9629947459147,-1.05471375741502,7,-1.41097036314379
"191",-1.74923195719838,-1.12171694144964,10,0.377500211070151
"192",-2.47829412109955,0.0451274228169371,4,-2.13871080163407
"193",-0.0966495440221017,1.20410941891805,5,0.489616774041856
"194",1.67567954464353,-0.40692841270766,3,0.905999557588855
"195",0.677233445123167,1.09576782748215,10,2.53455198153094
"196",1.35600776811512,-0.308711098697772,8,1.40028929663787
"197",-0.903755403001467,-0.316784997679524,1,-1.34068479797465
"198",-1.5046784285669,1.03797652362799,8,-1.72615204809241
"199",0.798435979097118,-0.459075777177745,3,0.909452314816707
"200",0.642302180499118,1.01460178382863,9,1.44029930603065
"201",-0.106287687401667,0.319819683748741,3,0.0630415637656945
"202",0.337627563186899,1.0290147227791,2,2.46436150448853
"203",-0.115084240201789,-0.391203890943287,5,-0.459857583356401
"204",1.26699480151288,-0.461859614914763,4,-0.761290520676863
"205",0.329659710939462,1.17821825486909,3,3.84154975356566
"206",0.197257673564043,-0.861356884513232,10,0.446461070138106
"207",1.7248987014573,-0.180715768930941,2,2.88001812906587
"208",0.194888791012123,0.780736750439209,2,1.80430568039106
"209",-1.11925790661155,-0.566307818925312,3,-0.671499816708443
"210",-0.118933237222106,-0.648734933236535,4,-0.307478746051941
"211",-2.80755653529945,-0.189979077802648,3,-1.55025611602856
"212",0.998516233863412,-2.86952125857242,5,-2.90290774269441
"213",1.44908918442086,-1.06767381644426,1,-0.427489795629846
"214",0.104172009403875,-2.16627943851609,5,-0.799989142590637
"215",-0.820822743935183,0.391763513437941,6,0.629821402578738
"216",-0.857075325842169,-1.06444943287533,6,0.196441730796705
"217",-1.67440579796565,0.309752407173067,3,-0.69314721752086
"218",0.822941297354728,0.863721172204371,7,2.30083810006731
"219",0.723151219633093,-0.690201295435866,3,0.0945867582180616
"220",-0.837277990221438,-0.190733359732953,2,-1.3241408682559
"221",-0.13476604737433,0.18832728337809,3,1.44164582026761
"222",-1.75154181100835,-0.0336231423521714,8,-0.842488435962732
"223",0.40719624508383,-1.07212603047532,7,-1.88942037061541
"224",-1.28403650854374,-0.0672554607232296,6,-0.180939504297101
"225",0.454886999798161,0.15930956095525,4,4.02558366908974
"226",-0.680868673753008,0.736850243860598,6,0.132041662647138
"227",0.13562698448001,0.474938449617824,6,0.934830268487884
"228",-0.34683762259439,1.75817307555963,5,0.534414664976405
"229",-0.96380766721365,-0.701858252830164,3,0.479885497007104
"230",-0.591349529442378,-1.64040077929335,4,-1.85045471502744
"231",-0.338487558689279,0.258531707052844,10,1.86454780801892
"232",0.947290868243037,-0.281556774323992,2,0.0961237532564669
"233",-0.343185967310088,2.43843208846243,8,1.20910834660055
"234",0.317325500775344,-0.544299888228748,8,0.352402558738566
"235",0.616071500350732,1.03028594381822,5,2.54986315000876
"236",1.1434512309226,-1.71947816458452,6,-1.99934954105173
"237",-2.212420644048,1.36402106093015,8,-2.6038952742135
"238",1.73316016180889,-0.623264129806569,2,-0.25308905496299
"239",0.297693393503805,0.306535306628559,6,3.7983443477936
"240",-0.52230507047695,0.857400248917373,1,-0.423314503600566
"241",-0.215036765291037,-1.66975781730237,3,-1.81227782961972
"242",-2.02464816413442,-0.475545922885518,3,-0.62314692943815
"243",-1.26742971868174,0.890992164467494,6,0.369179624635496
"244",1.18486136158221,-0.80624932227271,8,-0.0826305622702949
"245",-2.18634987902618,-0.0739166140154057,4,-2.98439307003591
"246",1.88024190226516,-0.643653961860358,5,2.00042242769368
"247",-0.151380380005138,-1.00090497480137,7,0.31381130444017
"248",-0.86058708432885,0.466587972011396,4,0.386185193385279
"249",-0.0237093682111353,-0.739304361804588,6,-0.119659598778
"250",-1.1223195671864,0.85823212338282,7,0.382767335491864
"251",0.401075793976989,1.10450104557699,8,3.92838685857929
"252",1.61753045415723,-1.04729261999961,7,-2.37533414607489
"253",-0.895881203271424,3.53493875292775,4,0.0205381036448523
"254",0.105265879334973,-0.104938124263672,7,0.370823021759729
"255",0.174737492950122,-1.81696210858607,2,-0.375340036846554
"256",0.192402649290906,1.11320199484176,5,1.17071077779793
"257",-0.113932223112345,1.54573391588072,10,1.58898191987708
"258",-1.43284331538826,-0.838859123856841,10,-1.09874781762994
"259",-0.108575435691925,-1.66025502141652,5,-1.99841329339162
"260",2.28551192743975,0.0419696003914103,8,2.77950659173955
"261",-0.944901591483532,0.922258097602139,2,-1.54218433949837
"262",0.0535815155296675,-0.760954993816918,5,-0.657319904316828
"263",-0.528566359197434,-1.24142533147294,2,-1.39897043211256
"264",1.33667228525511,-0.627190032126096,1,-1.69349555536987
"265",-0.426374888109958,0.51921303978825,1,0.52707832624089
"266",-0.622248084639721,-1.24818211479809,6,0.354280607995981
"267",-2.60903210025356,-0.512068796977404,5,-1.67284623500342
"268",0.106466547539493,1.82350877916421,6,3.24244618026352
"269",-0.208675601954797,-0.427447076313647,8,-1.53490531731571
"270",0.109724726879414,0.179527143667093,7,0.778483686476779
"271",-1.14787847203687,-0.693712575878517,7,-0.945060933437801
"272",0.774859084120068,0.574307054517482,5,0.311739572057355
"273",-1.31382311125749,-0.194593889560995,6,0.901854432997756
"274",2.04173477401168,-0.175659011375334,7,2.58973775272902
"275",1.06311183137034,-0.567864497494334,10,0.891036583127614
"276",1.40096574356547,0.630511040293329,2,3.49009234868498
"277",0.706386533340629,1.02068964852828,7,5.66137379266514
"278",-2.17353202158857,-0.885376630336813,2,-0.38119440703917
"279",1.1932401478031,0.132190481172422,6,3.96586227940433
"280",-1.0080483737649,0.139056027807122,10,0.278133165670708
"281",1.81480202934419,0.887400332795185,3,3.01357440138832
"282",-0.0323186391575523,-0.700065870047588,8,1.42678240390998
"283",1.44461514537044,-0.214656552189984,6,2.94985697155301
"284",0.795677776610438,-1.15654623710965,4,-0.500651775224625
"285",0.0941563224305083,0.991332845371128,10,0.355159832971047
"286",0.206929248572151,-0.228984646685711,3,1.39841179849948
"287",-0.172949390460533,-0.244001738541023,6,-0.77186403235348
"288",0.0827826826346451,-1.9428971564983,7,-2.39529386093793
"289",-0.801496199091074,-0.104059323824182,3,0.269875791410532
"290",0.0420153643489999,-2.0986078967928,2,-2.33954867544913
"291",0.451656885582587,-1.08287820595099,10,-1.06900706135693
"292",0.857483979975979,-0.489445064334904,10,1.1255589280051
"293",0.547822250111274,0.714893446675798,10,2.19052524077673
"294",-0.304339366253562,-0.98437550808159,7,0.018848815691535
"295",-1.04498950829414,0.89548640080497,10,0.318450583467873
"296",-0.705901721770098,0.435371767981451,8,-0.134946765177555
"297",1.47686887629695,-1.08540080396542,5,-0.932008648922888
"298",-0.449053204705807,0.302404308614354,7,1.88050996892794
"299",0.429300267395174,0.689488737935942,5,1.08195055083927
"300",0.31946515651205,1.84317786869172,3,3.27036476859249
"301",-0.980364526828161,-0.043952649477988,8,-1.97035625071357
"302",0.450319797281832,1.18078275973494,7,1.77522987208125
"303",-0.911630939053744,-0.40951456573012,9,-1.7321818496897
"304",-0.802595903060233,0.308109349614761,10,-0.131564848049332
"305",0.319195562674405,-0.457394272196383,3,1.53512355258603
"306",0.400764824890494,0.0282941433719993,2,-0.0123089256641848
"307",-0.162978261491018,-0.0953374766356575,4,0.595292882702384
"308",1.12791772878615,-2.34505067063002,7,-4.03213916480606
"309",0.512259281141971,-0.0504057091004378,10,0.947144049760704
"310",-1.16453571335088,0.901874018952735,1,-0.310287933775584
"311",1.27762358127069,-0.585255930680844,1,1.48557550025393
"312",0.23366456146859,2.03516727091203,5,1.88393357507113
"313",0.82702544826212,-1.0810206984796,2,0.335417837757315
"314",0.0684165980042015,-0.96161154156776,10,1.74195459588552
"315",-1.46039708300525,-0.208638238347639,8,-0.805578810463873
"316",0.0530261590504353,-1.27727283046369,5,-1.27432720662116
"317",-1.43519721410408,0.78671036628175,7,-1.19966523924003
"318",-1.02529080990487,-0.744820670121238,9,0.419385929956571
"319",0.867011846069349,1.6315733931748,9,3.96913972825257
"320",0.19702661697209,-1.9701815365696,10,0.547629031542852
"321",-0.0952554162772768,-0.959377635869341,3,-0.0238606941813129
"322",-0.41915248970768,1.28869107236091,8,0.0507140831384314
"323",-1.15307440172776,0.567160232008965,9,-1.16528588741789
"324",-1.560839503083,-0.1692458441753,7,-1.77219645647811
"325",-0.996996808085884,-0.226474310480562,10,1.76010224909564
"326",-0.128216870373664,-0.344587684284862,10,-1.05988581811974
"327",0.0470871773315598,-0.844221477431953,5,-0.698203030698583
"328",-0.379461018445854,-0.953539882562631,1,-0.791800070452914
"329",1.24663002166914,-0.265778488950639,8,2.23852381972844
"330",0.0636664341235598,-0.187908618108752,5,1.53561559536952
"331",-2.20914081194941,0.177512284906353,8,-2.84544317776206
"332",-0.01099591373522,-1.20263000993712,9,0.318801378158289
"333",2.13511432699127,0.088791439066705,10,3.57488989652478
"334",0.651077605993681,-0.551905775895946,2,0.112427900744185
"335",-0.0976445552116384,-1.83532011829733,2,-4.13971801713932
"336",0.939009159515816,1.43314386501809,8,3.51005129858866
"337",-1.34273331753977,1.82367790104696,6,-3.04012229214903
"338",0.589768930880128,0.328416631010823,3,1.33088206306558
"339",2.45902172350237,-0.589099488805853,2,-0.819787018244272
"340",-1.16360012674266,-1.21443631427276,2,-0.348720374341858
"341",0.419767180696443,-0.898199137807758,6,-0.719295217274805
"342",-0.435801438436616,-0.381301543231994,3,-1.420308252741
"343",1.21966438037025,-0.4508968540569,7,1.08458404700286
"344",0.518777714104884,-0.452275545829053,4,1.36940361666832
"345",0.394336995981637,2.13106591130017,5,4.70444610800405
"346",0.354890202694769,-1.93739296250866,6,0.435191232325498
"347",-0.920367562864661,0.767174192057445,7,0.817215394921756
"348",-1.397601345343,-0.145901376315228,5,-0.582814200664338
"349",-0.205595373230267,1.24374325363406,3,0.2230009872695
"350",0.863289315420158,0.19036630823605,3,1.95992968537028
"351",0.141264394576725,-0.536178948009798,6,0.974041962948582
"352",0.248359582390288,-0.114237810177161,2,0.00702076614538888
"353",-1.55662785289322,1.29828787187385,3,-0.843078674954352
"354",-0.191900409881624,-1.33484816023631,10,-0.918429011658428
"355",1.78687489479075,0.831831989675659,2,5.67862986283505
"356",-0.718861098937321,0.977231096783691,2,-0.521032218981983
"357",0.193338994497178,0.815840284757186,9,2.85802568794215
"358",0.474760123676341,0.851917368818171,9,3.02626328928057
"359",1.77375584166577,0.239770815969332,9,4.46139727215487
"360",1.58766765956542,0.440005922542021,7,3.58749746539764
"361",2.6182742190198,-0.673267691067838,5,-0.900142031765796
"362",1.12098044480356,0.410277995205134,1,2.67888641582486
"363",-0.769384363244538,0.14337683927659,3,-1.2803059625767
"364",0.140306625427543,-1.11346660475589,5,-0.247664935361318
"365",-0.720075706202721,0.64217999311305,5,-1.40031754840151
"366",0.777280469059646,-0.332913538816675,6,0.150070920770154
"367",-1.35829820561909,1.11933750979269,2,-0.996063386308938
"368",-2.92108043826217,-1.44383247646621,10,1.02692090078729
"369",1.85256757676963,-1.3298320264787,4,-0.333534562602283
"370",1.27829027561304,0.87830633910059,7,4.34534593060705
"371",-2.253399877886,-1.1547675019661,8,0.839554029966366
"372",0.507145155896114,-0.967343019975636,4,-0.76108105734889
"373",-0.25742509844438,-0.369639815972046,4,-0.536880874704867
"374",0.0258977712131229,2.12343850021148,5,3.73480476262514
"375",1.29888978703577,-0.497146219353886,3,-0.103306205655625
"376",0.199291540282164,1.17840649686032,10,1.69321200509847
"377",-1.42875748951326,1.60270536031021,6,-2.02643300406222
"378",1.27862277590068,0.453479927351034,9,4.20981150982906
"379",-0.998402017101443,1.45447540753072,8,1.82875381543906
"380",0.0105314926181235,-1.42941021248585,10,-1.70089630225115
"381",-0.95524046900002,2.23387902115049,7,0.901714922368412
"382",-0.873995598792155,-0.0823846519750923,7,-0.0451440811572234
"383",-0.926352266687982,2.36619202214586,4,-0.546781517351639
"384",-0.734536072505761,0.695535918742577,10,0.695649067606868
"385",0.212581845916153,-0.640679796429588,10,1.35745540335202
"386",1.40213628584309,-0.2944452050607,3,2.90212673019937
"387",0.772450758116532,0.379832182784754,4,0.0702238922230931
"388",-0.137477166188172,-0.544001802303351,8,1.45559313828347
"389",-0.992689106805864,-0.157618345704882,2,-2.1578245282749
"390",0.978020358642335,-0.490504925167009,4,-1.25885615256405
"391",0.834308998245521,0.258014354141243,7,1.85564754715285
"392",0.444849812777593,0.470796145842234,8,1.64360691662285
"393",0.614501711407874,1.25142851577622,8,4.44562150316878
"394",0.559479822092074,-1.35532590915661,2,-0.53905619905823
"395",-1.20466938154376,-0.130445427258141,4,-0.634060071467547
"396",-0.652155466377094,0.320953353879298,10,1.73192731821857
"397",0.673548600037291,0.213819549012356,5,1.75876170003661
"398",-2.33985994037938,0.0908738164361549,10,-0.28283774071384
"399",-0.0595379318730286,1.27152282622789,4,0.266414019511998
"400",-0.335454141608095,1.89987151688072,3,2.16008850038123
"401",-0.969258715144011,0.936800102338341,4,-2.62207590787533
"402",-1.41434246290153,-0.885211622716411,9,-1.27042926377794
"403",1.06095400230733,0.697143687805628,4,3.45137374541679
"404",-1.46997126134754,0.662151690097737,8,0.690730551555567
"405",1.6596617023855,-2.25048865160595,6,-4.34299758393027
"406",0.903798466839724,0.274814485660811,7,1.96434568041825
"407",-0.0828830517477371,1.2586962352895,2,1.54103037927072
"408",0.40410244402459,-0.556412144661315,7,0.530818260707018
"409",-0.932478544673219,0.11509475946718,2,-0.601292102924372
"410",0.720137114581419,1.00572679131373,3,0.701844872016005
"411",-0.467890478120358,2.27697353779881,6,-0.585450800663835
"412",-0.624816759673495,-1.73085831685042,2,-2.42300604642111
"413",0.740017964255822,-0.105552245638225,10,1.79174080881484
"414",0.601881055060857,0.0529256442290132,2,1.73228670234425
"415",-0.92499817396273,-0.384920414137572,2,-1.24874606860672
"416",0.114502270221369,-1.18355307806499,3,-3.25283039493218
"417",0.332172510063184,1.21037814762949,3,4.18271106582091
"418",-0.323325381371048,-0.488946388958889,3,0.404168140793581
"419",0.48994564373813,0.222449543322399,5,0.359466910451287
"420",1.18298849745432,-0.094085038612441,9,3.03751496118218
"421",-0.640411737003543,0.446038182721317,1,1.44218658264772
"422",0.583626204834528,0.275324575333616,6,1.73884799431685
"423",-1.55655306655586,-1.07320586665482,3,-1.36562919456714
"424",0.899691197200321,-0.245118614571408,1,2.15299067376679
"425",3.07269253179475,1.67697344865159,8,11.1845898196687
"426",1.24115217693496,-1.20700636043081,1,-1.61518916671737
"427",-1.92780208061024,1.17063048495246,3,-2.69906172627067
"428",0.719200264344737,0.102106769585206,10,2.96371423798038
"429",-1.12737199846834,-1.32932928093097,3,-0.44658250121662
"430",0.646818842881201,-0.3420483873356,8,0.102183360648629
"431",0.854160471219255,-1.08473846241323,9,0.14429621945139
"432",-2.14945778789738,0.819643172172467,4,-3.47954162614812
"433",0.652918005596596,1.46532064756546,9,3.34421619143322
"434",0.957956403073011,-0.0597725116087956,5,1.41567527619492
"435",1.01093493254544,0.334253843074352,9,2.95180211319623
"436",-0.91665947003678,1.27518761272496,8,1.48269080558145
"437",0.750362620355156,0.0174920202561711,2,3.09532139941678
"438",-0.641328705699261,1.25316483641967,5,-0.861268455374722
"439",-0.0605704945255837,-0.199353647121488,7,0.0941177412885441
"440",0.513328981857306,0.660113568494631,9,1.95994220714574
"441",-1.10030893449104,1.10499303827668,1,-1.01197127521379
"442",0.736104733491362,-0.735531859095107,2,-2.74921941469888
"443",-0.769743299706853,-0.170123204480972,10,1.03747524362413
"444",1.50491371429021,0.472093141174659,10,4.5381463547935
"445",-0.0509640668228861,-0.365244644955105,7,2.63702286444283
"446",0.174317566024261,-0.183045993459101,1,1.13641010029031
"447",1.26373069141956,-0.10863011541864,10,0.865859494634302
"448",0.383712405137647,0.429030348561447,10,1.04062819405667
"449",-0.932881316063738,-1.2823795214404,3,-1.06305248549802
"450",0.8586484614012,-0.240583825194158,6,-0.539713724990538
"451",-0.327804361097876,0.403424055483211,6,-1.95874341066653
"452",-2.16239277527474,2.21288167085704,5,-4.16858953736398
"453",2.45302867125884,-1.13854314772085,5,-0.909499257770861
"454",-1.04944385504077,-1.25341611667907,1,-1.73324169448023
"455",0.150724686626445,1.18398041314731,3,0.432255080966828
"456",1.73425677549892,-1.75888946940763,2,-3.51533685267785
"457",-0.14373227538052,0.842377679840402,5,0.502532320398795
"458",1.29596914783134,-1.47321400469737,8,-0.710571336059451
"459",0.464924791209754,-0.0371211096142356,2,1.36444243125672
"460",1.53883012042831,-0.0555563309084587,6,1.4440175835595
"461",-0.299955567051079,0.591209942946704,4,1.65549942475119
"462",-0.725588804554838,-0.233442953569294,6,-1.86596905250345
"463",-0.589399016618134,-0.865602876653702,5,-0.427387625902957
"464",-1.10398939156907,-0.697542376325016,5,0.593122188079132
"465",0.801870897034078,-0.00325702980773412,1,0.331787920805333
"466",0.870782813497941,-1.12812851114937,2,-0.0669215447307948
"467",0.926866934625848,-0.0491881617266123,6,2.28268360105327
"468",-0.155781384855481,0.795151195662447,3,2.22412303206754
"469",-0.740396412591495,0.410464838936386,9,-1.06609900846657
"470",1.78158689232864,-0.436229888944656,5,1.41547322725871
"471",1.67759519230683,0.16677296320104,3,3.71006689988087
"472",-1.10237982604667,0.0457587594888279,7,-1.63543041045588
"473",0.0234558813117932,-1.72392647220787,6,-2.05341899572363
"474",-0.993479469021135,0.811596560692565,1,-0.309918783711195
"475",-0.67594177989181,1.00471843673221,9,-1.55501669835134
"476",-0.815000034598078,0.967767834877284,5,1.53203469387024
"477",0.180165083667623,-0.165324131136473,10,0.936111590495258
"478",-0.61381654419698,0.387034265051361,8,-1.4171261368187
"479",1.58567608021303,0.343316851725234,9,2.79761653241154
"480",1.03105201304408,1.36031343979968,1,4.73892494740075
"481",-0.208631310716185,-0.388166933623062,7,-0.561681188019412
"482",0.0511079160004019,0.837030109836721,10,2.01653340526162
"483",-0.612293773798397,-1.39713520328985,1,-0.684137321411662
"484",1.49425521232225,0.505814971224438,5,3.54828092297469
"485",0.573036658356647,-0.640868407032012,6,-0.182265464348374
"486",0.846912457322832,0.375033787738197,7,2.6891655366007
"487",0.464617674313307,0.637159682589437,3,2.53879458710899
"488",-0.186962135654359,1.0380904520486,9,2.07182336717784
"489",-1.27912364448027,1.58729656730371,5,-2.98084902907781
"490",0.356782816971308,1.96904693693909,8,2.71889521119387
"491",-0.0519869654789269,-0.489365670564824,2,-1.24574140712782
"492",-0.420384632689279,-0.0734707418504713,6,1.6431798604354
"493",0.0230146292354261,1.17872239921854,4,2.72292349582558
"494",-0.0369457397373644,0.862487548168288,1,0.0891068642870707
"495",1.59222916470229,0.879416208665173,9,4.29475123564809
"496",-1.01346239054992,0.383916929847401,4,1.82703533921965
"497",-2.43499666887119,2.35280083238037,1,-6.50363212664312
"498",-0.213379578709029,0.150332645718446,7,0.0867208165288784
"499",0.637092899930813,0.181837885211068,10,2.0508267417527
"500",-0.245937193849805,-2.87920555338584,7,-1.57659743929172
"501",-0.218852458637774,-0.519099983742246,2,-1.02432386717032
"502",0.732661652955191,-0.276750870535422,1,-0.394073128872811
"503",-1.53764123279948,1.55643860137761,8,1.05904412102164
"504",0.0739186807116557,-2.27452371890782,5,-1.3403646322676
"505",-1.67516363574503,2.26696622873261,8,-2.07129886836643
"506",0.23683696620648,0.704327940430557,5,2.39424321613977
"507",0.39767592407557,1.53804412756934,7,3.70396301763732
"508",-2.20697800260091,-0.433970383881753,9,-0.774408307069219
"509",-1.27484310475125,0.367065055291779,4,-1.94296001252722
"510",-0.0931566482147915,0.793064932393719,9,1.95377776414949
"511",0.756671112291836,2.08088194105568,5,3.34011308577903
"512",-0.325969940321488,-0.0669724311635377,4,0.459241787199575
"513",-0.579431316369669,0.721521888140433,9,0.349352304231001
"514",0.117838333991574,-1.86492278094758,7,0.218126408542405
"515",0.921395641862148,-0.489217015403184,1,-1.47527745645995
"516",-0.348377499523028,-1.04575885044947,9,0.407203370956223
"517",1.26400225199331,1.04862783244851,4,4.24119369997881
"518",0.326214482335988,0.309941003886118,4,-0.111941862915136
"519",0.533770417224514,0.864958207096282,8,3.08988593758747
"520",-0.602235497453743,-0.498245468254581,10,0.836136357221775
"521",0.704243180149987,0.625583758326091,3,2.40441322853605
"522",1.78147761849419,-0.42097729183585,3,1.22555156048871
"523",1.2694301352033,-0.764934404562485,4,-1.22024880949034
"524",1.57439929044163,-0.306398102680997,4,1.18437875998506
"525",0.437896915756917,0.242570574031425,9,1.48525451616746
"526",-0.522900156681556,-0.513843172476974,7,0.509818029709634
"527",-0.322666544406528,-0.009959683215569,5,0.624487055579212
"528",0.359410432254288,1.72256781647708,10,3.43671843051789
"529",-0.275069189813738,-0.485510178335135,3,-1.503381383006
"530",1.67468258413618,0.478544097365502,5,0.928605953408778
"531",-1.18634172600164,0.0829675118760933,6,0.400714999316666
"532",-1.9422540848961,0.240710728582001,4,-0.356876435278573
"533",-0.048904893712464,0.33704637113382,10,0.128387344959068
"534",-1.67159480418581,-0.58330706552122,7,-0.600310983331766
"535",0.513387143899106,0.726953614387777,6,3.85213422295694
"536",0.867348895417531,-0.35598657850117,3,-0.914779853909725
"537",1.60442634187679,2.0323222392352,4,7.0889323757918
"538",-0.0536187310754283,0.363154213230047,10,-1.07961529864701
"539",-1.15142450083786,1.50260266489068,8,-1.80204073668237
"540",0.190627907446704,-0.0600945845401795,10,-0.759072885515918
"541",-0.583968027733994,0.0286361643126915,2,1.85434341063824
"542",0.177742870172624,-0.00599996146680799,4,0.86782295673262
"543",-0.699972230707433,0.227090700938575,4,-2.11528675738045
"544",0.111890095486845,0.74059826560839,8,1.76263668263954
"545",1.2893177769526,-0.931091406135605,2,-2.4068553572197
"546",0.932696666977591,0.567481580754502,9,2.49283359637035
"547",0.178105498904552,-0.415252370163203,8,1.59166421860833
"548",-0.130357005726291,-0.437317573820017,9,0.496173776135902
"549",0.0806748981770394,0.463653755752717,7,0.970404942038165
"550",0.231058652161028,-0.324907762811757,7,1.28357148781825
"551",0.500336347689187,-0.317790183865709,10,1.07579191553193
"552",1.77880720989548,-0.550743510502374,7,1.19609445970996
"553",-0.0308256141471288,0.447114497794092,8,1.39582232645522
"554",-0.816669539346713,0.19733241507471,1,-0.195985178998471
"555",1.55832021398461,-0.38736019089349,2,1.77164257812879
"556",-0.0471533968154212,1.12787460092501,7,2.53107878418241
"557",0.237025864117805,1.1338249221438,6,2.25592112079327
"558",1.0740252049981,-0.435190670000221,2,-0.397655008202149
"559",1.39341873091427,-0.718844085195453,6,-0.382882923184672
"560",-0.682524621076842,-0.288572805798381,10,0.484262065971125
"561",-0.643059047656795,-0.823251411547036,9,-0.608587054850592
"562",-0.607462572717333,-0.486567102353731,5,0.307660857271223
"563",0.443694602135893,0.889212248110479,7,2.8080637009694
"564",0.753380586821928,-0.234523727189584,2,1.84815538410492
"565",0.323781898589519,0.183194350133904,5,2.156419387292
"566",0.334123360191496,-3.05210210262328,9,-3.06186148516274
"567",0.980511654584796,-1.89022260196495,10,-1.40496207147672
"568",0.107866083441283,-1.10893110864467,3,0.104702855142403
"569",-1.06951749719995,-0.236578453739789,9,-0.744036343084703
"570",-0.217456414678991,0.311024525796485,3,0.262548713039575
"571",-0.848085837135494,-0.830392759694509,6,0.320333230985554
"572",-0.185780064730896,0.499110921744404,6,0.863178935879304
"573",1.51823142914043,-2.15213755270968,6,-3.53359814327677
"574",-0.101477972811408,0.254855562204408,3,0.693385881713239
"575",-0.679373453085887,1.78607192278211,3,-0.0340765861771906
"576",0.535339132057371,0.553961255931596,10,1.817724424242
"577",-0.118806959748447,-0.338581755042114,8,-1.08040255453897
"578",-0.238526009574809,-1.69778633188865,8,-1.53143291178463
"579",-0.247301431222695,-1.26073001810775,8,0.170755882082324
"580",0.635349442053773,-0.694848053430024,4,-0.48262691960066
"581",0.483573246684348,0.0758865760708487,2,-1.33646179992671
"582",1.82058003201864,-1.36250914738229,8,0.327568816398875
"583",0.873322073331021,-0.86344781259108,2,-0.538357422261638
"584",-0.345194779700055,0.124966224843808,1,-2.16134319786266
"585",1.04581648810909,-0.224081855810589,9,0.946480202430936
"586",0.544051150234208,-0.559821224055536,7,1.27998818931435
"587",-0.0717760712356873,-0.701443378548048,4,-0.232167231331458
"588",1.42647971030537,0.527527183149004,4,1.42289109654088
"589",0.789009330104327,-0.758189314880267,10,-1.12909428118517
"590",1.89146095902768,-2.62578533783096,6,-5.26193513350484
"591",-1.5529559094722,0.998500976243099,7,-0.971162942855545
"592",0.238746216123586,2.52957452742591,7,3.52994197334375
"593",-1.44106260378317,-1.74064696912731,8,1.8453898389721
"594",-1.19502312192384,0.251756790968802,9,0.0274432405052067
"595",0.879537287235416,1.75122175770071,6,4.42229742952121
"596",-1.45795898716351,0.259545250940023,6,-1.83046062141603
"597",0.158776896331673,-0.836357866939906,10,0.456024840627568
"598",-1.68327401929981,0.460291174163447,4,-1.69402694797324
"599",-0.992539857369239,0.296497885448131,9,-1.48161596968628
"600",0.88807236589598,1.05738383031713,7,3.25870888763113
"601",-0.420461366900833,1.11134879056824,8,1.17443823767061
"602",-0.394231859678529,0.098920383071145,9,1.48031745993255
"603",-0.156893611084774,-0.862731317905919,9,0.961661997245691
"604",-1.4608847634566,-0.0345821086512733,9,0.126401259928294
"605",-0.662519820148547,-0.00663789314181666,9,-0.213844867516794
"606",-0.449099334040884,1.73557457232078,1,2.30406167868121
"607",-0.0133815688284499,0.0206916822637498,6,1.70871761213454
"608",0.990834708479395,0.578458745323915,2,0.250170832832064
"609",0.521572455721659,0.155736512493306,5,1.9172489734135
"610",1.08702493287258,-0.669010051152244,2,0.631842855298897
"611",0.736117839335163,-0.932897169361554,3,-1.19624259585327
"612",-2.3800092564246,-0.754624877932312,1,-1.24844432683792
"613",0.748009557082218,1.25191148810541,1,2.11411239178233
"614",-2.13315895394711,-0.365165774107845,8,-0.0499267660835699
"615",0.858803371760547,1.20715637268179,10,4.19591614413766
"616",-0.663856139749041,1.96187471081704,8,0.951102786657926
"617",-0.467302990299714,-0.797965836284735,9,0.465309191368469
"618",-0.182892701044448,-0.0745047650022901,2,-0.650937575517632
"619",0.788647711381483,-0.375259968434054,3,1.25048764498709
"620",0.648638746086022,0.950744446660719,10,4.21454662269314
"621",-2.95306163842278,1.67758776527278,7,-6.36517302667724
"622",-0.465055020663302,-1.16204981012852,6,0.896822461705098
"623",0.0308084804227994,0.873502889581583,5,1.66216895558543
"624",-1.79764400793861,0.218152240082831,10,-1.04022810603711
"625",-2.60013967678402,-0.529438728531063,2,-2.10191618975713
"626",3.12330097300664,0.574331825679311,10,4.71992575794003
"627",0.0789062073828663,1.77461036258302,3,2.49764795977482
"628",-0.219253518941289,1.55984942966114,6,0.950786881608589
"629",0.765666615182991,-0.655619113293666,7,-0.703070028076304
"630",0.80176806269916,-0.244575904483658,7,-0.205575338612286
"631",-0.300772309053983,0.402977066005844,4,2.24775131119454
"632",-0.485865341122389,-0.64716956045962,6,1.15538095500858
"633",-0.369143791905467,-1.14285545323141,8,-0.678558209697983
"634",-0.494035273373104,0.994576644175343,7,-0.164188526630525
"635",-0.311969309404549,0.556398344312672,3,-1.73100121532331
"636",-0.979350255894409,2.13604833834151,9,-0.016751131196961
"637",1.42707043161389,0.940326689290964,6,3.06270389310058
"638",0.868684066274818,-0.554689890422177,1,0.622003152009512
"639",1.69027753189188,-1.8070399599804,3,-1.82223067150391
"640",-1.0571194730268,-0.586484510913835,4,0.449895212955557
"641",-0.412316242052033,-0.528480194276049,5,-0.290303108748764
"642",-0.319913267646854,0.114003821463188,8,0.463137960704632
"643",0.272018156010278,1.4852504572913,7,0.846296715454697
"644",-0.073824150486957,-0.223300433862604,3,1.14803684375609
"645",2.14880297693622,0.368124708294231,3,3.39072856411449
"646",0.57870136480732,-0.654363776423438,6,0.364328104799687
"647",0.48017205142783,-0.550547106631623,1,-0.831326581725071
"648",-1.79586743684718,1.76063222032257,6,-2.17227874585488
"649",0.580952557210046,0.667071867524959,4,1.3891666724499
"650",0.490604646699687,0.394480942558055,7,1.65830665094728
"651",0.946899096771513,-0.345299024288219,10,2.08781906578239
"652",1.4555715374051,-0.782543103639216,3,-0.0965024253412742
"653",0.643051604273641,1.18003727368563,10,2.1725696441603
"654",-0.625022965429234,0.500905366525325,1,-2.05736709471243
"655",-0.456844410080087,-0.59534350669899,9,-1.29768956329158
"656",-0.489332408808434,-2.07296082532936,4,-1.89356198190709
"657",-0.872464266423976,-1.30502459549031,7,1.05209713810819
"658",-1.96584216528442,-1.50776721911365,9,0.707155531552169
"659",1.12452327839693,-0.379060276243821,6,0.818147538444779
"660",0.75671971325483,-1.52407910110561,2,-3.0345759689342
"661",-1.91177540144821,-0.104749225314196,10,-2.04243560779538
"662",-1.58071865491277,1.49514871103282,4,-2.59849167707253
"663",1.98247788436283,-1.66804752019859,3,-3.76751248948526
"664",0.795133742352847,-0.592507469904655,7,-1.12964843243414
"665",0.518440585223802,-1.48635906150149,3,-1.35492815020018
"666",0.0298162055712407,-0.409857676616788,2,-0.750308892127223
"667",-1.69211665121594,-0.216513988900842,6,-1.58269872488741
"668",0.5704897835533,0.0775240211601549,6,0.904228104297594
"669",-0.83401880888348,1.68912859291121,4,-0.55934453575535
"670",-1.29654239991355,-0.236504208442715,6,-1.65291638751101
"671",-1.67929633697761,-0.0235433515843216,4,1.81019625440103
"672",2.05439602987019,0.747480051971743,9,4.61285136320732
"673",1.20179084161739,-1.2230570411344,2,-1.99761677584761
"674",1.60929933688306,0.620356830321087,4,2.64436758026264
"675",-1.41323819505194,0.768218339134518,9,-2.08596584814998
"676",0.508084001497708,-2.86706943087487,8,-2.86256035315163
"677",1.0701890519498,-0.766525646805454,9,1.94819851936958
"678",1.13603715441907,-1.09083497682638,4,-1.18873851885705
"679",-0.635974658710736,0.945726578649916,2,-1.14303846424646
"680",0.432664782951436,0.850815147445757,8,2.67905357418393
"681",-0.76412279379015,-0.495126556132692,6,0.354648220887663
"682",1.70604023031451,-0.599533132026257,10,0.643213727624193
"683",0.370008671507595,0.663476647303373,7,0.504234821834861
"684",-1.22602276531819,2.24501127471663,1,-1.14447528837117
"685",-0.489645827257693,1.49524346549038,7,1.99471627300233
"686",-1.15074311314119,1.61129753120215,6,-1.43540612316268
"687",0.549214697035858,-0.287450309707048,5,0.45655558306636
"688",0.355137082838783,-0.0794683196145487,5,1.80548680535357
"689",0.196345643200513,-2.50427017052647,8,-1.86193507896709
"690",-1.39939241944941,1.48301808687032,4,-1.53208724798394
"691",1.84827246542306,-0.809405875931713,7,-0.833716382551997
"692",-0.508027141166185,-0.131013502882697,4,0.172265925858406
"693",-0.250973534174279,0.832512159140702,10,0.812481200374845
"694",0.183214158135121,-0.0539843795110513,4,1.7824740121672
"695",0.662296203177901,0.260799654899216,8,1.76293445047578
"696",0.286682247520716,-0.60049191215547,9,1.21093732194565
"697",2.04059826759937,0.97968030170058,8,6.58406844006794
"698",-0.210941290784178,1.96067333428261,3,1.67292609674326
"699",0.123026575227179,0.0357173890810875,6,-1.8917676898425
"700",0.457263745818632,1.32195310321604,6,1.94419387756988
"701",1.45471912942658,-0.904547637790686,7,-0.583213152884497
"702",0.306496220451413,1.4900587744507,6,2.17007130964781
"703",0.131243118171996,0.196024465785562,3,0.405549743795837
"704",1.00067314497927,0.348596831794176,3,1.6263909693794
"705",0.15218484175558,0.570533392513745,1,1.03713370923853
"706",2.31427066958454,-0.238868201313994,10,2.57458929982718
"707",-0.040340585808108,-0.752919349420964,8,0.694497317814719
"708",-0.950113816442612,1.83927615362147,4,0.285368158926096
"709",0.75359300005161,0.136418173908133,1,0.400446489402543
"710",1.31094043846563,-1.13027740552139,2,-0.17737846391646
"711",1.3150029850319,-0.760953259574814,1,-2.45903206534779
"712",-1.09488916802881,-0.198519896770327,8,0.663437749408251
"713",-0.735759155621999,1.45542069623699,7,-0.190885250695426
"714",-0.559939186460176,-0.0253824721791507,10,-0.432143618801665
"715",1.242373840153,-0.663671702780165,4,-0.585762977447149
"716",-0.786921509994017,-0.313717960737493,8,-0.527196956212894
"717",-0.173344417071297,-0.956984454917467,2,-1.1112120811154
"718",-0.349319874872649,-0.504717847494268,10,0.180956184938656
"719",0.122943323033807,0.993211842942488,6,-1.87588423315053
"720",-0.20210954376181,1.12376249736023,10,4.0257209757733
"721",1.48927725605979,-0.360634336035539,2,-0.257197958246244
"722",0.533600386495528,0.561473562742215,8,2.05032116510929
"723",-0.849406714228057,-0.562842288569624,4,0.599218028401193
"724",-0.505658327243415,1.66883787378954,6,0.210649120449835
"725",1.12577237891355,0.982224387634513,8,4.50097628829095
"726",1.77278307002065,-0.520221987197476,10,1.49506545411667
"727",-0.10810867553692,-0.612936882149877,10,-1.193885684352
"728",-1.28140789592503,1.37446353902954,10,0.089135993500314
"729",1.14446725689517,0.554058265526332,6,3.87158495670679
"730",0.0736005123935247,0.00175634642870892,6,2.86254363173459
"731",0.695981027329113,0.300162660149785,7,1.36837277624468
"732",2.12178723087112,-0.119172488236702,7,1.71321676919635
"733",-0.39765358655482,0.376190271745471,1,-0.0937853997952604
"734",-0.54509546141103,-1.79552745919685,8,-0.84509343565674
"735",0.762000496492378,0.952602576669018,5,1.68061819658147
"736",-0.541404963497832,0.713819653079573,3,0.717891576185417
"737",0.497945844176756,0.729029212857816,8,3.78132463613939
"738",-0.843607398937628,0.0184711595966609,4,0.099847017577588
"739",0.752697084863413,-0.664655817771323,7,0.567797576792761
"740",1.26025721964749,-1.18487591090651,9,-1.05510898818436
"741",-0.8767738737325,1.67203687182479,6,0.484617277680686
"742",-0.235702910187037,1.70031600494701,6,-0.453053981946627
"743",0.821474733212109,1.1616598811626,4,3.42380701038033
"744",-0.722598207952184,0.041120163959091,8,-0.154286233560577
"745",0.116750777406029,0.00685448468244668,10,0.792473230101751
"746",-0.376495880058315,-1.54729512231831,7,-1.06552110190022
"747",1.02617890733717,-1.81167188376705,9,-1.9369313785136
"748",0.43391946057213,-0.96557503793081,6,-1.28112807515298
"749",-0.552500293944259,-0.857837863089704,2,0.382619744657761
"750",0.372735877463658,0.761904790717735,4,2.59663247816519
"751",-0.820448904346129,-0.279839671550308,2,-1.31187723376992
"752",-1.29371593507858,1.32556498271754,4,-1.05798112046923
"753",-0.219494427776434,1.16578971947806,9,1.88464824450765
"754",-0.415574020112378,1.14980052616707,10,0.999741674065041
"755",1.18277432545376,0.773998559403173,3,1.84295172058319
"756",-0.657864569219646,1.23650329000025,5,-0.437931577987662
"757",0.980642520315888,0.715336813675987,2,2.25678530526854
"758",-1.10573302580209,-0.300834086611743,9,1.08066798014816
"759",-0.629575174790453,1.48411417104801,8,2.0018779022662
"760",-0.409639261475177,0.511758871951387,4,0.67427660209287
"761",0.0157131237691488,-1.63022188574128,4,-1.93701447519248
"762",-0.690543517774968,0.974473986024391,5,0.790156892383819
"763",-0.668995214351474,-0.076380762809997,6,1.42320147328547
"764",-0.75874761246895,0.114250336751603,3,0.750094963794066
"765",-0.204228988586943,-0.17795127451797,2,-1.09899256479198
"766",2.65243962375225,0.136670710319837,5,3.57530827913113
"767",0.0413946149465712,-1.00804217694122,7,1.61449663322989
"768",-1.36505497754747,-1.36219159930547,1,-0.642298846583056
"769",-0.160928790735525,-0.158278804470283,8,1.87274796855844
"770",-0.115344334643688,-1.98402425168841,3,-2.13034411730488
"771",-0.223448886112572,-0.430252776227089,1,0.078703368817321
"772",0.272081131659615,0.419217365742762,5,1.27914967548094
"773",-0.525144431507194,-0.815329298635589,9,0.917588901141745
"774",-0.267606207113875,-1.42786893085888,1,-0.600128868175449
"775",-0.454081020971706,-0.699897639657887,8,-1.30976652510783
"776",-1.49932045674515,-0.622130913069884,4,-0.749339678356121
"777",0.789886181412796,-2.14372052050554,2,-3.31908674326367
"778",-2.27138844804494,0.0795983559765215,8,-0.699803358102836
"779",3.35667948325458,0.868019324230711,5,7.92817880000425
"780",0.651483899628308,-0.801103945638158,1,-2.13537535585953
"781",-0.743870623978481,2.02685931242912,4,0.449342927323386
"782",1.59084778867392,1.88004392765941,7,7.75865722479173
"783",-0.831270009462309,-0.396121302496651,5,0.967709038827997
"784",0.0122589542832629,-0.667730137799061,4,-0.48050810016485
"785",-0.200591198546626,0.0465735681517102,4,1.18606189289848
"786",-0.446507581852501,0.627203275492398,3,2.66847690756843
"787",0.536659246317039,0.171187301212153,1,-0.577519625100582
"788",1.16957752764235,1.82004834055944,8,4.85072414773543
"789",1.75784276832699,-0.815010402965882,2,1.53457193567068
"790",2.04778709865602,1.23936600315493,6,8.11438718553487
"791",0.483109018347505,-0.407998502160079,8,0.0339144221281549
"792",1.40319697636016,1.0336569187184,1,4.3280857553015
"793",2.4293202424917,-0.231955718182691,3,2.02219722741231
"794",-0.887594188247915,0.820398392123712,4,1.49221939733403
"795",-0.369780662828941,0.270486823244494,8,0.579004134708692
"796",1.45390452679811,-0.663975946917227,6,0.902205670641522
"797",1.27710633232549,-1.33818799457201,3,-1.23590970633646
"798",0.187729407661738,-0.278895239082723,9,1.75810768654199
"799",-0.5494222966839,0.334085682314204,6,0.53678853347342
"800",0.257628036385218,0.806314469980518,10,1.05740578320939
"801",-0.832905115892041,0.0937285487564789,3,-0.969880816055851
"802",0.923411182123377,-1.45714941024105,6,-2.44886318449178
"803",-1.09020205166632,0.383128161156827,3,-1.58547830893952
"804",2.27547725961033,-1.74404567544604,1,-2.83968839896033
"805",-0.418610503972877,1.22335815658037,1,2.31284629745389
"806",0.561256996648435,-0.128818913549865,2,1.12100599106822
"807",-0.0222545339230154,0.81971307962313,5,3.35292204787703
"808",-0.494875529056334,0.995872339963837,5,-0.187576704465786
"809",-0.084985325672898,-0.0656905950687024,4,-1.60199575068127
"810",0.0191326709647231,-1.11127998195019,8,0.165454405880625
"811",-0.553945977464511,0.192851072209154,3,-0.0106009906955073
"812",1.08444933198755,-0.945714618016551,9,0.285208887485482
"813",-0.177005520776396,-0.335530189523645,1,-1.40117067267559
"814",-0.0922144436558575,-0.73027283692699,6,-0.257496325957287
"815",-0.939945468005501,0.195381121154348,8,-0.527714671786827
"816",-0.0534435866895473,0.208752023976571,10,1.49051504917884
"817",-0.123492158344636,1.25341432890359,8,2.25427096251491
"818",1.89997856572953,0.245798229815066,1,3.46126443376855
"819",0.43939864109772,-1.66308276401729,3,-1.01583926321759
"820",0.0450711611944747,-0.302475180563874,5,0.857483624081266
"821",0.606271170237262,0.412296608474569,9,0.715670984893742
"822",-0.160034802942267,-0.933488085862277,1,-1.67318405739151
"823",1.60066165234813,0.443257733680721,3,3.48806524171491
"824",0.430847520417043,0.305598518301066,9,1.84918612485542
"825",0.305792091150659,0.545730825629394,4,2.2985569484947
"826",0.0116706698642407,-0.258032586565834,9,1.29395298243351
"827",-1.18041128838668,-1.91989291255429,8,0.769378957125679
"828",-0.195403828608392,-0.932433473511318,9,-0.685355797748082
"829",-0.358449279796069,0.997316191860725,4,-0.496893382441182
"830",-0.756494056596141,-1.41670140118782,1,-2.56932242264027
"831",-1.12942887283142,0.172819702593646,8,0.753003705688085
"832",0.373294645941092,0.156872422819445,3,0.438235308022884
"833",-0.519190994614289,-0.359025127311882,6,0.101508045836306
"834",0.537002589397939,-0.702450210416242,1,-0.752931060932697
"835",-1.737454792007,-1.08052500052906,8,0.756950523670922
"836",0.546532779394126,0.471508238593225,10,2.2850675567526
"837",-0.583950145729058,0.719047685472126,10,0.865977230881019
"838",-0.430459239129651,-0.761866949728267,10,-0.549888893143839
"839",0.13988928853306,-0.526970863079122,10,0.6671692864853
"840",0.658055122652299,-0.737357455730962,2,0.68068606581344
"841",1.14123322657883,-1.37899579230833,10,-0.979298282705539
"842",0.838142603996954,2.25094582964432,8,5.23581509392519
"843",0.239103159502406,0.992281547098316,10,-0.23487486761532
"844",-1.05512101099509,-0.255964361197854,6,-2.16284761982243
"845",-0.506329898857498,-0.70469880375679,1,-0.0988368179968667
"846",0.802489370714155,1.06417630796397,5,2.3118682305961
"847",-0.0742565486574319,-1.80737406779241,10,-0.366793927241808
"848",-0.796797553051649,-0.640587246091973,5,0.906801880508395
"849",0.717767602347703,0.0477279546340753,5,0.250877799460086
"850",0.283887726855073,-1.63478958806475,4,-0.833036054747528
"851",0.386674679172011,0.0711545757903873,2,0.811624989040689
"852",-1.44790686740046,0.0871747324008533,8,-0.280998481099246
"853",-0.764725819287118,0.376913509210123,7,0.350333126739881
"854",-0.384742206156438,0.58444269117872,8,0.131968215591721
"855",0.396905247634373,-0.062401790386284,6,-0.832895482317727
"856",0.00414202303691555,2.3424011556004,9,3.03665680701719
"857",0.438873688677981,0.324314444975131,7,1.09972689619855
"858",-1.38495277559284,-0.259769272088355,5,-0.781591166606637
"859",0.285145790694597,0.223108118452554,3,0.633730715771383
"860",-0.295691328008107,0.443877259017966,5,0.639574799472992
"861",1.5182851094871,0.933959683728968,3,3.91000484263771
"862",-1.60757692002266,0.466405464467682,7,0.26565215368092
"863",-0.786893794303,0.699361918002147,2,-0.288083623789436
"864",0.464449312284059,-1.24740299424961,8,-1.74768242020947
"865",0.777366961839497,-0.626493267124501,2,0.0213713636179993
"866",-1.52307106170112,0.656260260013508,6,-1.63257157425048
"867",0.0526077891156051,-0.273285596581132,10,1.32547290964328
"868",-0.493172849466993,-1.25466933360265,3,-1.40168009382656
"869",-1.90429674067742,0.020082645756765,4,-3.15112415798538
"870",0.967855764966475,-0.263564434444205,6,2.20753045147058
"871",1.06545715477881,2.12633771790074,1,5.68810391849193
"872",0.967152552229005,-0.2290704506678,4,1.44047972759997
"873",-0.404831224376307,-1.84961696807581,5,-1.79515301251222
"874",1.52029132059422,-0.000250148357193684,7,0.915744338781518
"875",-1.05160073997693,-1.94977930878866,6,0.829476637096843
"876",0.154710631719933,0.0422008676665303,3,-0.339083831455474
"877",0.5567794578267,-0.84458416398221,8,-1.7328341455173
"878",-1.34757335468243,0.027999927720351,9,0.122107966558639
"879",-0.222692264961485,-0.69210949604488,3,0.188821843541458
"880",0.576940715290811,0.0872978610936892,7,1.80882265884645
"881",-0.96743090076875,-0.0989270734011281,7,1.03605653740487
"882",0.687649056671889,0.936605028264657,2,3.11702629741193
"883",0.159415247428681,-1.36915155236015,9,0.20144602635809
"884",-1.41595546038461,0.498248292657794,7,-0.361788994948091
"885",0.129389938710518,-1.11052832179175,8,-0.179179037572266
"886",1.65764513571986,1.08350279027688,10,4.01823526241254
"887",-0.422292893440196,0.108111827462467,10,1.57698815936273
"888",1.22848456055253,-0.972637882684218,6,-1.80146840498423
"889",-0.5931875136088,-1.54701031269511,2,0.117859202258786
"890",0.039017103795865,1.68808180813912,2,2.71590700141599
"891",-0.673115181089906,1.81265716782971,7,1.80134808312952
"892",0.0598645456234742,-0.321367741410098,9,-0.461464661149402
"893",-0.222235466990645,1.07740322395581,5,1.25725215991373
"894",0.333632779935966,0.648420145735952,3,1.95811575744234
"895",0.814781680475153,-0.195541131375694,4,0.193677953065517
"896",0.199090634331752,-0.291258753375675,3,0.407807675615578
"897",0.0257633100469536,0.291818296614797,2,1.15358029880289
"898",0.104775884968271,-0.629865460872433,3,0.778610498551166
"899",-0.596569072540145,-1.34235324917449,3,-2.2748599385393
"900",-0.532353514309713,0.868782714337629,7,1.76810281376534
"901",1.52257648778355,0.0311690879401173,9,2.90695779803406
"902",-0.554005053625839,0.53407280408259,5,-1.35442429303608
"903",-0.203788966847497,2.27944796273761,9,1.97630173050415
"904",-1.38241366061851,-0.961890341386246,10,-0.725928555709043
"905",0.290876633467756,1.13072967833787,2,1.68910804081475
"906",1.17565552857526,0.063628546758796,9,1.37447714419666
"907",-0.811556277489342,-1.44435766578959,1,-1.54242737568676
"908",0.204334415851277,-0.908861236204802,7,-1.41433349340699
"909",2.66671707069615,0.649716630993249,4,4.79555276912492
"910",-1.25403956133452,-1.62676215875146,5,-1.12510556537878
"911",0.0708062313999753,1.52900144947937,4,3.12486763625259
"912",-1.00007763364368,1.14397471487394,9,0.741532264711136
"913",0.593511632089577,2.54842033383486,6,4.78743252829673
"914",-0.391570061471954,-1.18173543693251,2,-2.25647939761445
"915",0.492043409231117,-0.523635763127414,8,-0.791423540713246
"916",-0.162075749422906,-0.803915137575018,9,-0.532728541836254
"917",-1.32596504129879,0.184592831102351,3,-2.98072164047869
"918",-0.0737031665405331,0.836972866770033,3,1.7254250653806
"919",0.590221368804112,-1.82799559536703,9,-2.3454128625742
"920",0.684696986036317,1.00686269894808,1,1.90548773735849
"921",0.652369796177224,0.0298511728376632,8,1.25367549916389
"922",0.872512023136244,0.674558714405564,5,4.12233811891994
"923",-0.490169919133814,-0.985287720968784,8,0.139778496979513
"924",-0.862375042723717,-0.0150164926695906,2,-0.676270622179383
"925",0.901166508106872,-0.884421078674736,3,-0.631554147783584
"926",-1.04054906805276,1.16536939083888,1,0.65511537393702
"927",0.850381744347908,-1.10972395482426,5,-0.30644908046351
"928",0.109150888736977,0.234536296697146,1,0.519852086346541
"929",0.283007036345736,1.1361486151073,2,4.60315226775896
"930",0.391548762705751,0.00473985119254152,1,2.12310907837721
"931",0.209635804715791,-0.790618868727908,3,1.16975877631093
"932",0.934738389189324,0.163054409617923,1,3.03328849315012
"933",-0.24050523691886,0.125767252409785,7,2.99083381412696
"934",2.60669801272368,0.482456959279399,3,4.35983843900744
"935",-0.625044219343813,1.89748350380105,10,0.992692492041071
"936",-1.67712683619763,-2.15165580391038,5,1.75195596304941
"937",-0.136819237224344,1.12000992122803,2,1.32017022281832
"938",-1.42847066858601,1.72943865046034,9,-2.18706299351303
"939",-2.46512468210772,-1.26271313207466,7,-1.55371115216735
"940",0.0471242080888588,1.78143679045158,4,3.4689943307471
"941",-1.1260040491327,0.0749944475026987,3,-0.252519670585218
"942",-0.410560038408604,0.515030553761151,8,0.397852960197581
"943",-1.1683340832745,-1.25526355842938,7,-0.733476755010847
"944",0.109832581288636,-0.286702890149887,10,-0.220242264964885
"945",0.607427232907138,-0.298937933089676,10,0.346329371951452
"946",-0.70334619284908,-0.327726815832906,3,-0.984067759343403
"947",0.0236388800288751,0.979813282845685,5,1.82383870929651
"948",-0.0540087599057964,-0.718007553980901,4,-0.588247185697606
"949",0.417534091201704,0.122748160640571,2,0.787472099538204
"950",1.91361056478969,0.404513825557039,10,5.35150880723713
"951",-0.512806178149278,-0.406950256259198,3,-1.14825612604529
"952",0.00658932156959316,0.0514071793426577,1,-0.210031098540053
"953",0.187765626355029,-0.91880168379205,6,-0.469567719047657
"954",1.28310845418643,-0.633882556751661,3,-1.11909368148924
"955",-0.0789628620976275,2.09529673244311,7,2.30046368304789
"956",0.10082163573614,0.862374243233178,3,1.96779330402992
"957",0.118124501583438,0.712285767193534,4,0.144798147754498
"958",-0.733234593574929,-0.775497916334815,5,-1.34791643640825
"959",0.88870460696219,-0.339945988521473,3,1.92189382016942
"960",-0.998862158137544,1.86272509654738,4,-1.43286403691859
"961",1.27232541044919,0.413760089211227,5,2.45801824490692
"962",-1.60412678346614,0.0674441287177039,5,0.158710889385644
"963",-1.27143793388917,-1.44018202158898,5,-0.491141452688654
"964",0.50691658745604,-0.378538587295816,9,-0.128497009328281
"965",0.279951837367131,-0.508251791477907,4,-1.14644023419184
"966",0.04661173879292,-1.86894559470505,6,-0.412591742298187
"967",0.528636740544763,-1.28472848270357,4,-2.10644235749026
"968",0.606768694290711,-1.52637571403387,8,-1.81559925695155
"969",1.42056087055482,0.659236178405258,7,3.34741213122443
"970",0.746770299490112,-0.600172920567861,1,-0.32766289189597
"971",0.733777738283545,0.296581280252945,3,-0.100314958942628
"972",-1.1902317392004,-0.381314875671679,10,0.253573508723109
"973",2.1500584942509,-0.41017353242387,6,-0.191556976328681
"974",0.00736717621273843,-0.0197096394504448,7,1.88225322446121
"975",-0.364068453378832,0.711924399286571,1,-0.145023664404411
"976",0.566606644100632,0.779858165777806,10,4.10359587702819
"977",0.818221158447681,-1.43468952581007,1,-2.51021223661164
"978",0.926411703100423,0.274959611590665,7,1.57279187405333
"979",-0.41801268626191,0.867265669783786,10,-0.588155638029218
"980",-0.35615811319988,0.737521338186114,6,2.47589090214135
"981",-0.485980859849582,0.307913146017261,9,1.69822470856195
"982",0.34165384983757,-1.13205126627537,1,-0.430586814727139
"983",0.743837530359935,-0.121185278662291,7,0.599303017079953
"984",0.309886912602096,-0.231014834241575,7,2.69075841292973
"985",-0.306922901557269,1.40324873196536,1,1.99435376022094
"986",-0.0015681358462435,-1.36797623464474,2,-0.760896247218017
"987",0.5922061487634,0.538228044981857,3,1.69264933266601
"988",0.31710556655374,-2.18335837292269,6,-1.65566858447494
"989",1.24322589323681,-0.343586133455924,2,0.234432683633644
"990",2.67637938499405,-0.0686167781013007,4,3.73855959006986
"991",0.644918618429641,1.90204717330859,10,4.42169332824963
"992",1.04050088827249,-0.212030042206318,5,2.7779734752507
"993",-0.689780670614222,-1.25287554013682,2,-0.638269906310125
"994",-2.5863280313187,-1.18206283008414,9,-0.151736736154889
"995",-0.449566070538844,0.996945943331482,8,0.883127606433831
"996",-1.04495523827839,-0.196609900511298,9,0.43576621347413
"997",0.776655004594877,-0.653620014467421,1,0.356948170591395
"998",0.5717855483886,1.44064298517909,8,4.63873519739181
"999",-1.2907715438442,0.239855754124007,10,-0.244723179558281
"1000",-1.36491974183267,0.682461729045966,2,-0.104137598972925
